Workbook

Sheet 月次まとめ
A1: 2026年7月 仕上操業 月次まとめ
A2: 各セクション月次集計シートへのリンクと、月間の主要KPI（数式で自動集計）。
A4: セクション別シート
A5: （１）５C/Rワインダー
A6: （２）５C/Rカッター・平包
A7: （３）仕上２Ｇ
A8: （４）生産高
A9: （５）損紙発生量合計
A12: 月間KPI
A13: 指標 | B13: 値
A14: 5C/Rワインダー 月間処理量合計(t) | B14: =SUM(5CRワインダー_月次!D4:D34) -> 12493.848
A15: 5C/Rカッター 月間処理量合計(t) | B15: =SUM(5CRカッター平包_月次!E4:E34) -> 4544.3
A16: 5C/R平包 月間合計(t) | B16: =SUM(5CRカッター平包_月次!O4:O34) -> 3707
A17: 既設カッター 月間処理量合計(t) | B17: =SUM(生産高_月次!B4:B34) -> 2419.587
A18: 仕上２Ｇ 平均「下」比率(%) | B18: =AVERAGE(仕上2G_月次!D4:D34) -> 6.5330605
A19: 仕上２Ｇ 月間損紙発生量合計 | B19: =SUM(仕上2G_月次!I4:I34) -> 286
A20: 5CR 発生損紙 月間合計(kg) | B20: =SUM(損紙発生量合計_月次!F4:F34) -> 749983
A21: 既設 発生損紙 月間合計(kg) | B21: =SUM(損紙発生量合計_月次!J4:J34) -> 161501
A22: 5CRワインダー 月間損紙合計(kg) | B22: =SUM(5CRワインダー_月次!G4:G34) -> 578383
A23: 5CRワインダー 処理本数合計(本) | B23: =SUM(5CRワインダー_月次!F4:F34) -> 656
A24: パルパー移送量 月間合計(kg) | B24: =SUM(5CRカッター平包_月次!G4:G34) -> 796200

Sheet 5CRワインダー_月次
A1: （１）５C/Rワインダー 月次集計
A2: データ出典: 各日シート（1日～31日）へのリンク数式。数値は元シートの値がそのまま反映されます。
A3: 日 | B3: #1処理量(t) | C3: #2処理量(t) | D3: 合計処理量(t) | E3: 合計累計(t) | F3: ワインダー処理本数(本) | G3: 損紙(kg) | H3: 巻取累計(kg) | I3: 欠陥J(本) | J3: 欠陥P(本) | K3: 欠陥S(本) | L3: 停止時間(hr) | M3: 製品待ち時間(hr)
A4: 1日 | B4: =IFERROR(1日!D4,"") -> 198.953 | C4: =IFERROR(1日!D9,"") -> 179.365 | D4: =IFERROR(1日!D14,"") -> 378.318 | E4: =IFERROR(1日!G14,"") -> 378.318 | F4: =IFERROR(1日!Q19,"") -> 25 | G4: =IFERROR(1日!P14,"") -> 34237 | H4: =IFERROR(1日!W14,"") -> 34237 | I4: =IFERROR(1日!AB19,"") -> 0 | J4: =IFERROR(1日!AF19,"") -> 12 | K4: =IFERROR(1日!AJ19,"") -> 2 | L4: =IFERROR(1日!AO4*24,"") -> 1.3333333 | M4: =IFERROR(1日!AR4*24,"") -> 0
A5: 2日 | B5: =IFERROR(2日!D4,"") -> 203.546 | C5: =IFERROR(2日!D9,"") -> 209.281 | D5: =IFERROR(2日!D14,"") -> 412.827 | E5: =IFERROR(2日!G14,"") -> 791.145 | F5: =IFERROR(2日!Q19,"") -> 26 | G5: =IFERROR(2日!P14,"") -> 8051 | H5: =IFERROR(2日!W14,"") -> 42288 | I5: =IFERROR(2日!AB19,"") -> 3 | J5: =IFERROR(2日!AF19,"") -> 18 | K5: =IFERROR(2日!AJ19,"") -> 2 | L5: =IFERROR(2日!AO4*24,"") -> 1.9166667 | M5: =IFERROR(2日!AR4*24,"") -> 0
A6: 3日 | B6: =IFERROR(3日!D4,"") -> 192.598 | C6: =IFERROR(3日!D9,"") -> 190.514 | D6: =IFERROR(3日!D14,"") -> 383.112 | E6: =IFERROR(3日!G14,"") -> 1174.257 | F6: =IFERROR(3日!Q19,"") -> 23 | G6: =IFERROR(3日!P14,"") -> 1745 | H6: =IFERROR(3日!W14,"") -> 44033 | I6: =IFERROR(3日!AB19,"") -> 1 | J6: =IFERROR(3日!AF19,"") -> 10 | K6: =IFERROR(3日!AJ19,"") -> 5 | L6: =IFERROR(3日!AO4*24,"") -> 1.6666667 | M6: =IFERROR(3日!AR4*24,"") -> 0
A7: 4日 | B7: =IFERROR(4日!D4,"") -> 187.883 | C7: =IFERROR(4日!D9,"") -> 197.308 | D7: =IFERROR(4日!D14,"") -> 385.191 | E7: =IFERROR(4日!G14,"") -> 1559.448 | F7: =IFERROR(4日!Q19,"") -> 23 | G7: =IFERROR(4日!P14,"") -> 1039 | H7: =IFERROR(4日!W14,"") -> 45072 | I7: =IFERROR(4日!AB19,"") -> 1 | J7: =IFERROR(4日!AF19,"") -> 9 | K7: =IFERROR(4日!AJ19,"") -> 1 | L7: =IFERROR(4日!AO4*24,"") -> 2 | M7: =IFERROR(4日!AR4*24,"") -> 1.8333333
A8: 5日 | B8: =IFERROR(5日!D4,"") -> 198.932 | C8: =IFERROR(5日!D9,"") -> 202.384 | D8: =IFERROR(5日!D14,"") -> 401.316 | E8: =IFERROR(5日!G14,"") -> 1960.764 | F8: =IFERROR(5日!Q19,"") -> 26 | G8: =IFERROR(5日!P14,"") -> 2680 | H8: =IFERROR(5日!W14,"") -> 47752 | I8: =IFERROR(5日!AB19,"") -> 0 | J8: =IFERROR(5日!AF19,"") -> 30 | K8: =IFERROR(5日!AJ19,"") -> 2 | L8: =IFERROR(5日!AO4*24,"") -> 1 | M8: =IFERROR(5日!AR4*24,"") -> 0
A9: 6日 | B9: =IFERROR(6日!D4,"") -> 184.832 | C9: =IFERROR(6日!D9,"") -> 176.136 | D9: =IFERROR(6日!D14,"") -> 360.968 | E9: =IFERROR(6日!G14,"") -> 2321.732 | F9: =IFERROR(6日!Q19,"") -> 18 | G9: =IFERROR(6日!P14,"") -> 16802 | H9: =IFERROR(6日!W14,"") -> 64554 | I9: =IFERROR(6日!AB19,"") -> 0 | J9: =IFERROR(6日!AF19,"") -> 27 | K9: =IFERROR(6日!AJ19,"") -> 1 | L9: =IFERROR(6日!AO4*24,"") -> 2 | M9: =IFERROR(6日!AR4*24,"") -> 0
A10: 7日 | B10: =IFERROR(7日!D4,"") -> 169.607 | C10: =IFERROR(7日!D9,"") -> 190.811 | D10: =IFERROR(7日!D14,"") -> 360.418 | E10: =IFERROR(7日!G14,"") -> 2682.15 | F10: =IFERROR(7日!Q19,"") -> 18 | G10: =IFERROR(7日!P14,"") -> 14376 | H10: =IFERROR(7日!W14,"") -> 78930 | I10: =IFERROR(7日!AB19,"") -> 1 | J10: =IFERROR(7日!AF19,"") -> 6 | K10: =IFERROR(7日!AJ19,"") -> 0 | L10: =IFERROR(7日!AO4*24,"") -> 1.3333333 | M10: =IFERROR(7日!AR4*24,"") -> 0
A11: 8日 | B11: =IFERROR(8日!D4,"") -> 236.645 | C11: =IFERROR(8日!D9,"") -> 215.639 | D11: =IFERROR(8日!D14,"") -> 452.284 | E11: =IFERROR(8日!G14,"") -> 3134.434 | F11: =IFERROR(8日!Q19,"") -> 20 | G11: =IFERROR(8日!P14,"") -> 14101 | H11: =IFERROR(8日!W14,"") -> 93031 | I11: =IFERROR(8日!AB19,"") -> 1 | J11: =IFERROR(8日!AF19,"") -> 16 | K11: =IFERROR(8日!AJ19,"") -> 1 | L11: =IFERROR(8日!AO4*24,"") -> 0.66666667 | M11: =IFERROR(8日!AR4*24,"") -> 0
A12: 9日 | B12: =IFERROR(9日!D4,"") -> 239.286 | C12: =IFERROR(9日!D9,"") -> 225.038 | D12: =IFERROR(9日!D14,"") -> 464.324 | E12: =IFERROR(9日!G14,"") -> 3598.758 | F12: =IFERROR(9日!Q19,"") -> 20 | G12: =IFERROR(9日!P14,"") -> 17057 | H12: =IFERROR(9日!W14,"") -> 110088 | I12: =IFERROR(9日!AB19,"") -> 0 | J12: =IFERROR(9日!AF19,"") -> 15 | K12: =IFERROR(9日!AJ19,"") -> 1 | L12: =IFERROR(9日!AO4*24,"") -> 0.66666667 | M12: =IFERROR(9日!AR4*24,"") -> 0
A13: 10日 | B13: =IFERROR(10日!D4,"") -> 196.614 | C13: =IFERROR(10日!D9,"") -> 239.704 | D13: =IFERROR(10日!D14,"") -> 436.318 | E13: =IFERROR(10日!G14,"") -> 4035.076 | F13: =IFERROR(10日!Q19,"") -> 18 | G13: =IFERROR(10日!P14,"") -> 15506 | H13: =IFERROR(10日!W14,"") -> 125594 | I13: =IFERROR(10日!AB19,"") -> 0 | J13: =IFERROR(10日!AF19,"") -> 12 | K13: =IFERROR(10日!AJ19,"") -> 0 | L13: =IFERROR(10日!AO4*24,"") -> 1.3333333 | M13: =IFERROR(10日!AR4*24,"") -> 1.1666667
A14: 11日 | B14: =IFERROR(11日!D4,"") -> 148.346 | C14: =IFERROR(11日!D9,"") -> 236.39 | D14: =IFERROR(11日!D14,"") -> 384.736 | E14: =IFERROR(11日!G14,"") -> 4419.812 | F14: =IFERROR(11日!Q19,"") -> 21 | G14: =IFERROR(11日!P14,"") -> 5494 | H14: =IFERROR(11日!W14,"") -> 131088 | I14: =IFERROR(11日!AB19,"") -> 0 | J14: =IFERROR(11日!AF19,"") -> 11 | K14: =IFERROR(11日!AJ19,"") -> 1 | L14: =IFERROR(11日!AO4*24,"") -> 0 | M14: =IFERROR(11日!AR4*24,"") -> 0
A15: 12日 | B15: =IFERROR(12日!D4,"") -> 251.54 | C15: =IFERROR(12日!D9,"") -> 277.04 | D15: =IFERROR(12日!D14,"") -> 528.58 | E15: =IFERROR(12日!G14,"") -> 4948.392 | F15: =IFERROR(12日!Q19,"") -> 25 | G15: =IFERROR(12日!P14,"") -> 17446 | H15: =IFERROR(12日!W14,"") -> 148534 | I15: =IFERROR(12日!AB19,"") -> 0 | J15: =IFERROR(12日!AF19,"") -> 17 | K15: =IFERROR(12日!AJ19,"") -> 0 | L15: =IFERROR(12日!AO4*24,"") -> 0 | M15: =IFERROR(12日!AR4*24,"") -> 0
A16: 13日 | B16: =IFERROR(13日!D4,"") -> 215.529 | C16: =IFERROR(13日!D9,"") -> 244.092 | D16: =IFERROR(13日!D14,"") -> 459.621 | E16: =IFERROR(13日!G14,"") -> 5408.013 | F16: =IFERROR(13日!Q19,"") -> 24 | G16: =IFERROR(13日!P14,"") -> 15217 | H16: =IFERROR(13日!W14,"") -> 163751 | I16: =IFERROR(13日!AB19,"") -> 1 | J16: =IFERROR(13日!AF19,"") -> 6 | K16: =IFERROR(13日!AJ19,"") -> 0 | L16: =IFERROR(13日!AO4*24,"") -> 2.3333333 | M16: =IFERROR(13日!AR4*24,"") -> 0
A17: 14日 | B17: =IFERROR(14日!D4,"") -> 179.224 | C17: =IFERROR(14日!D9,"") -> 218.83 | D17: =IFERROR(14日!D14,"") -> 398.054 | E17: =IFERROR(14日!G14,"") -> 5806.067 | F17: =IFERROR(14日!Q19,"") -> 23 | G17: =IFERROR(14日!P14,"") -> 27999 | H17: =IFERROR(14日!W14,"") -> 191750 | I17: =IFERROR(14日!AB19,"") -> 0 | J17: =IFERROR(14日!AF19,"") -> 8 | K17: =IFERROR(14日!AJ19,"") -> 1 | L17: =IFERROR(14日!AO4*24,"") -> 1.6666667 | M17: =IFERROR(14日!AR4*24,"") -> 0
A18: 15日 | B18: =IFERROR(15日!D4,"") -> 163.562 | C18: =IFERROR(15日!D9,"") -> 148.229 | D18: =IFERROR(15日!D14,"") -> 311.791 | E18: =IFERROR(15日!G14,"") -> 6117.858 | F18: =IFERROR(15日!Q19,"") -> 19 | G18: =IFERROR(15日!P14,"") -> 5534 | H18: =IFERROR(15日!W14,"") -> 197284 | I18: =IFERROR(15日!AB19,"") -> 0 | J18: =IFERROR(15日!AF19,"") -> 8 | K18: =IFERROR(15日!AJ19,"") -> 0 | L18: =IFERROR(15日!AO4*24,"") -> 0.33333333 | M18: =IFERROR(15日!AR4*24,"") -> 0
A19: 16日 | B19: =IFERROR(16日!D4,"") -> 174.813 | C19: =IFERROR(16日!D9,"") -> 186.502 | D19: =IFERROR(16日!D14,"") -> 361.315 | E19: =IFERROR(16日!G14,"") -> 6479.173 | F19: =IFERROR(16日!Q19,"") -> 20 | G19: =IFERROR(16日!P14,"") -> 25828 | H19: =IFERROR(16日!W14,"") -> 223112 | I19: =IFERROR(16日!AB19,"") -> 0 | J19: =IFERROR(16日!AF19,"") -> 17 | K19: =IFERROR(16日!AJ19,"") -> 3 | L19: =IFERROR(16日!AO4*24,"") -> 1 | M19: =IFERROR(16日!AR4*24,"") -> 0
A20: 17日 | B20: =IFERROR(17日!D4,"") -> 165.369 | C20: =IFERROR(17日!D9,"") -> 151.061 | D20: =IFERROR(17日!D14,"") -> 316.43 | E20: =IFERROR(17日!G14,"") -> 6795.603 | F20: =IFERROR(17日!Q19,"") -> 15 | G20: =IFERROR(17日!P14,"") -> 21460 | H20: =IFERROR(17日!W14,"") -> 244572 | I20: =IFERROR(17日!AB19,"") -> 0 | J20: =IFERROR(17日!AF19,"") -> 16 | K20: =IFERROR(17日!AJ19,"") -> 4 | L20: =IFERROR(17日!AO4*24,"") -> 2.6666667 | M20: =IFERROR(17日!AR4*24,"") -> 0
A21: 18日 | B21: =IFERROR(18日!D4,"") -> 178.923 | C21: =IFERROR(18日!D9,"") -> 243.75 | D21: =IFERROR(18日!D14,"") -> 422.673 | E21: =IFERROR(18日!G14,"") -> 7218.276 | F21: =IFERROR(18日!Q19,"") -> 23 | G21: =IFERROR(18日!P14,"") -> 21784 | H21: =IFERROR(18日!W14,"") -> 266356 | I21: =IFERROR(18日!AB19,"") -> 1 | J21: =IFERROR(18日!AF19,"") -> 13 | K21: =IFERROR(18日!AJ19,"") -> 5 | L21: =IFERROR(18日!AO4*24,"") -> 0.66666667 | M21: =IFERROR(18日!AR4*24,"") -> 0
A22: 19日 | B22: =IFERROR(19日!D4,"") -> 151.73 | C22: =IFERROR(19日!D9,"") -> 173.973 | D22: =IFERROR(19日!D14,"") -> 325.703 | E22: =IFERROR(19日!G14,"") -> 7543.979 | F22: =IFERROR(19日!Q19,"") -> 18 | G22: =IFERROR(19日!P14,"") -> 23338 | H22: =IFERROR(19日!W14,"") -> 289694 | I22: =IFERROR(19日!AB19,"") -> 0 | J22: =IFERROR(19日!AF19,"") -> 9 | K22: =IFERROR(19日!AJ19,"") -> 9 | L22: =IFERROR(19日!AO4*24,"") -> 1 | M22: =IFERROR(19日!AR4*24,"") -> 0
A23: 20日 | B23: =IFERROR(20日!D4,"") -> 241.499 | C23: =IFERROR(20日!D9,"") -> 242.315 | D23: =IFERROR(20日!D14,"") -> 483.814 | E23: =IFERROR(20日!G14,"") -> 8027.793 | F23: =IFERROR(20日!Q19,"") -> 26 | G23: =IFERROR(20日!P14,"") -> 932 | H23: =IFERROR(20日!W14,"") -> 290626 | I23: =IFERROR(20日!AB19,"") -> 0 | J23: =IFERROR(20日!AF19,"") -> 3 | K23: =IFERROR(20日!AJ19,"") -> 1 | L23: =IFERROR(20日!AO4*24,"") -> 0.33333333 | M23: =IFERROR(20日!AR4*24,"") -> 0
A24: 21日 | B24: =IFERROR(21日!D4,"") -> 223.027 | C24: =IFERROR(21日!D9,"") -> 220.484 | D24: =IFERROR(21日!D14,"") -> 443.511 | E24: =IFERROR(21日!G14,"") -> 8471.304 | F24: =IFERROR(21日!Q19,"") -> 24 | G24: =IFERROR(21日!P14,"") -> 12817 | H24: =IFERROR(21日!W14,"") -> 303443 | I24: =IFERROR(21日!AB19,"") -> 0 | J24: =IFERROR(21日!AF19,"") -> 22 | K24: =IFERROR(21日!AJ19,"") -> 1 | L24: =IFERROR(21日!AO4*24,"") -> 0.66666667 | M24: =IFERROR(21日!AR4*24,"") -> 0
A25: 22日 | B25: =IFERROR(22日!D4,"") -> 245.348 | C25: =IFERROR(22日!D9,"") -> 261.423 | D25: =IFERROR(22日!D14,"") -> 506.771 | E25: =IFERROR(22日!G14,"") -> 8978.075 | F25: =IFERROR(22日!Q19,"") -> 24 | G25: =IFERROR(22日!P14,"") -> 16692 | H25: =IFERROR(22日!W14,"") -> 320135 | I25: =IFERROR(22日!AB19,"") -> 0 | J25: =IFERROR(22日!AF19,"") -> 26 | K25: =IFERROR(22日!AJ19,"") -> 0 | L25: =IFERROR(22日!AO4*24,"") -> 0.66666667 | M25: =IFERROR(22日!AR4*24,"") -> 0
A26: 23日 | B26: =IFERROR(23日!D4,"") -> 229.026 | C26: =IFERROR(23日!D9,"") -> 183.557 | D26: =IFERROR(23日!D14,"") -> 412.583 | E26: =IFERROR(23日!G14,"") -> 9390.658 | F26: =IFERROR(23日!Q19,"") -> 21 | G26: =IFERROR(23日!P14,"") -> 8415 | H26: =IFERROR(23日!W14,"") -> 328550 | I26: =IFERROR(23日!AB19,"") -> 2 | J26: =IFERROR(23日!AF19,"") -> 7 | K26: =IFERROR(23日!AJ19,"") -> 0 | L26: =IFERROR(23日!AO4*24,"") -> 0.66666667 | M26: =IFERROR(23日!AR4*24,"") -> 0
A27: 24日 | B27: =IFERROR(24日!D4,"") -> 112.494 | C27: =IFERROR(24日!D9,"") -> 152.809 | D27: =IFERROR(24日!D14,"") -> 265.303 | E27: =IFERROR(24日!G14,"") -> 9655.961 | F27: =IFERROR(24日!Q19,"") -> 15 | G27: =IFERROR(24日!P14,"") -> 42298 | H27: =IFERROR(24日!W14,"") -> 370848 | I27: =IFERROR(24日!AB19,"") -> 4 | J27: =IFERROR(24日!AF19,"") -> 32 | K27: =IFERROR(24日!AJ19,"") -> 2 | L27: =IFERROR(24日!AO4*24,"") -> 1.5833333 | M27: =IFERROR(24日!AR4*24,"") -> 3.5
A28: 25日 | B28: =IFERROR(25日!D4,"") -> 193.41 | C28: =IFERROR(25日!D9,"") -> 199.113 | D28: =IFERROR(25日!D14,"") -> 392.523 | E28: =IFERROR(25日!G14,"") -> 10048.484 | F28: =IFERROR(25日!Q19,"") -> 18 | G28: =IFERROR(25日!P14,"") -> 30496 | H28: =IFERROR(25日!W14,"") -> 401344 | I28: =IFERROR(25日!AB19,"") -> 2 | J28: =IFERROR(25日!AF19,"") -> 45 | K28: =IFERROR(25日!AJ19,"") -> 1 | L28: =IFERROR(25日!AO4*24,"") -> 1.3333333 | M28: =IFERROR(25日!AR4*24,"") -> 0
A29: 26日 | B29: =IFERROR(26日!D4,"") -> 152.437 | C29: =IFERROR(26日!D9,"") -> 186.178 | D29: =IFERROR(26日!D14,"") -> 338.615 | E29: =IFERROR(26日!G14,"") -> 10387.099 | F29: =IFERROR(26日!Q19,"") -> 18 | G29: =IFERROR(26日!P14,"") -> 28180 | H29: =IFERROR(26日!W14,"") -> 429524 | I29: =IFERROR(26日!AB19,"") -> 1 | J29: =IFERROR(26日!AF19,"") -> 10 | K29: =IFERROR(26日!AJ19,"") -> 3 | L29: =IFERROR(26日!AO4*24,"") -> 1.3333333 | M29: =IFERROR(26日!AR4*24,"") -> 0
A30: 27日 | B30: =IFERROR(27日!D4,"") -> 172.818 | C30: =IFERROR(27日!D9,"") -> 192.37 | D30: =IFERROR(27日!D14,"") -> 365.188 | E30: =IFERROR(27日!G14,"") -> 10752.287 | F30: =IFERROR(27日!Q19,"") -> 22 | G30: =IFERROR(27日!P14,"") -> 30992 | H30: =IFERROR(27日!W14,"") -> 460516 | I30: =IFERROR(27日!AB19,"") -> 2 | J30: =IFERROR(27日!AF19,"") -> 10 | K30: =IFERROR(27日!AJ19,"") -> 1 | L30: =IFERROR(27日!AO4*24,"") -> 0.33333333 | M30: =IFERROR(27日!AR4*24,"") -> 0
A31: 28日 | B31: =IFERROR(28日!D4,"") -> 196.017 | C31: =IFERROR(28日!D9,"") -> 193.871 | D31: =IFERROR(28日!D14,"") -> 389.888 | E31: =IFERROR(28日!G14,"") -> 11142.175 | F31: =IFERROR(28日!Q19,"") -> 21 | G31: =IFERROR(28日!P14,"") -> 32250 | H31: =IFERROR(28日!W14,"") -> 492766 | I31: =IFERROR(28日!AB19,"") -> 0 | J31: =IFERROR(28日!AF19,"") -> 16 | K31: =IFERROR(28日!AJ19,"") -> 2 | L31: =IFERROR(28日!AO4*24,"") -> 0.66666667 | M31: =IFERROR(28日!AR4*24,"") -> 0
A32: 29日 | B32: =IFERROR(29日!D4,"") -> 204.662 | C32: =IFERROR(29日!D9,"") -> 246.888 | D32: =IFERROR(29日!D14,"") -> 451.55 | E32: =IFERROR(29日!G14,"") -> 11593.725 | F32: =IFERROR(29日!Q19,"") -> 23 | G32: =IFERROR(29日!P14,"") -> 30454 | H32: =IFERROR(29日!W14,"") -> 523220 | I32: =IFERROR(29日!AB19,"") -> 1 | J32: =IFERROR(29日!AF19,"") -> 11 | K32: =IFERROR(29日!AJ19,"") -> 1 | L32: =IFERROR(29日!AO4*24,"") -> 0.66666667 | M32: =IFERROR(29日!AR4*24,"") -> 0
A33: 30日 | B33: =IFERROR(30日!D4,"") -> 267.632 | C33: =IFERROR(30日!D9,"") -> 251.757 | D33: =IFERROR(30日!D14,"") -> 519.389 | E33: =IFERROR(30日!G14,"") -> 12113.114 | F33: =IFERROR(30日!Q19,"") -> 22 | G33: =IFERROR(30日!P14,"") -> 19755 | H33: =IFERROR(30日!W14,"") -> 542975 | I33: =IFERROR(30日!AB19,"") -> 0 | J33: =IFERROR(30日!AF19,"") -> 31 | K33: =IFERROR(30日!AJ19,"") -> 2 | L33: =IFERROR(30日!AO4*24,"") -> 0.66666667 | M33: =IFERROR(30日!AR4*24,"") -> 0
A34: 31日 | B34: =IFERROR(31日!D4,"") -> 184.963 | C34: =IFERROR(31日!D9,"") -> 195.771 | D34: =IFERROR(31日!D14,"") -> 380.734 | E34: =IFERROR(31日!G14,"") -> 12493.848 | F34: =IFERROR(31日!Q19,"") -> 17 | G34: =IFERROR(31日!P14,"") -> 35408 | H34: =IFERROR(31日!W14,"") -> 578383 | I34: =IFERROR(31日!AB19,"") -> 0 | J34: =IFERROR(31日!AF19,"") -> 28 | K34: =IFERROR(31日!AJ19,"") -> 5 | L34: =IFERROR(31日!AO4*24,"") -> 1.6666667 | M34: =IFERROR(31日!AR4*24,"") -> 0
A35: 合計/平均 | B35: =SUM(B4:B34) -> 6061.265 | C35: =SUM(C4:C34) -> 6432.583 | D35: =SUM(D4:D34) -> 12493.848 | F35: =SUM(F4:F34) -> 656 | G35: =SUM(G4:G34) -> 578383 | I35: =SUM(I4:I34) -> 21 | J35: =SUM(J4:J34) -> 501 | K35: =SUM(K4:K34) -> 57 | L35: =SUM(L4:L34) -> 34.166667 | M35: =SUM(M4:M34) -> 6.5

Sheet 5CRカッター平包_月次
A1: （２）５C/Rカッター・平包 月次集計
A2: データ出典: 各日シート（1日～31日）へのリンク数式。数値は元シートの値がそのまま反映されます。
A3: 日 | B3: 1S/C処理量(t) | C3: 2S/C処理量(t) | D3: 3S/C処理量(t) | E3: 合計処理量(t) | F3: 合計累計(t) | G3: パルパー移送量(kg) | H3: #1平包(包) | I3: #1平包(t) | J3: #2平包(包) | K3: #2平包(t) | L3: #3平包(包) | M3: #3平包(t) | N3: 平包合計(包) | O3: 平包合計(t)
A4: 1日 | B4: =IFERROR(1日!F23,"") -> 31.3 | C4: =IFERROR(1日!F29,"") -> 62.5 | D4: =IFERROR(1日!F35,"") -> 26.6 | E4: =IFERROR(1日!F41,"") -> 120.4 | F4: =IFERROR(1日!I41,"") -> 120.4 | G4: =IFERROR(1日!T41,"") -> 23400 | H4: =IFERROR(VALUE(LEFT(1日!J43,FIND(" ",1日!J43)-1)),"") -> 2805 | I4: =IFERROR(VALUE(TRIM(SUBSTITUTE(MID(1日!J43,FIND("(",1日!J43)+1,FIND("t)",1日!J43)-FIND("(",1日!J43)-1),"t",""))),"") -> 62 | J4: =IFERROR(VALUE(LEFT(1日!J45,FIND(" ",1日!J45)-1)),"") -> 3307 | K4: =IFERROR(VALUE(TRIM(SUBSTITUTE(MID(1日!J45,FIND("(",1日!J45)+1,FIND("t)",1日!J45)-FIND("(",1日!J45)-1),"t",""))),"") -> 50 | L4: =IFERROR(VALUE(LEFT(1日!J47,FIND(" ",1日!J47)-1)),"") -> 0 | M4: =IFERROR(VALUE(TRIM(SUBSTITUTE(MID(1日!J47,FIND("(",1日!J47)+1,FIND("t)",1日!J47)-FIND("(",1日!J47)-1),"t",""))),"") -> 0 | N4: =IFERROR(VALUE(LEFT(1日!J49,FIND(" ",1日!J49)-1)),"") -> 6112 | O4: =IFERROR(VALUE(TRIM(SUBSTITUTE(MID(1日!J49,FIND("(",1日!J49)+1,FIND("t)",1日!J49)-FIND("(",1日!J49)-1),"t",""))),"") -> 112
A5: 2日 | B5: =IFERROR(2日!F23,"") -> 28.3 | C5: =IFERROR(2日!F29,"") -> 65.2 | D5: =IFERROR(2日!F35,"") -> 17.7 | E5: =IFERROR(2日!F41,"") -> 111.2 | F5: =IFERROR(2日!I41,"") -> 231.7 | G5: =IFERROR(2日!T41,"") -> 17400 | H5: =IFERROR(VALUE(LEFT(2日!J43,FIND(" ",2日!J43)-1)),"") -> 3059 | I5: =IFERROR(VALUE(TRIM(SUBSTITUTE(MID(2日!J43,FIND("(",2日!J43)+1,FIND("t)",2日!J43)-FIND("(",2日!J43)-1),"t",""))),"") -> 43 | J5: =IFERROR(VALUE(LEFT(2日!J45,FIND(" ",2日!J45)-1)),"") -> 2044 | K5: =IFERROR(VALUE(TRIM(SUBSTITUTE(MID(2日!J45,FIND("(",2日!J45)+1,FIND("t)",2日!J45)-FIND("(",2日!J45)-1),"t",""))),"") -> 37 | L5: =IFERROR(VALUE(LEFT(2日!J47,FIND(" ",2日!J47)-1)),"") -> 0 | M5: =IFERROR(VALUE(TRIM(SUBSTITUTE(MID(2日!J47,FIND("(",2日!J47)+1,FIND("t)",2日!J47)-FIND("(",2日!J47)-1),"t",""))),"") -> 0 | N5: =IFERROR(VALUE(LEFT(2日!J49,FIND(" ",2日!J49)-1)),"") -> 5103 | O5: =IFERROR(VALUE(TRIM(SUBSTITUTE(MID(2日!J49,FIND("(",2日!J49)+1,FIND("t)",2日!J49)-FIND("(",2日!J49)-1),"t",""))),"") -> 80
A6: 3日 | B6: =IFERROR(3日!F23,"") -> 58.2 | C6: =IFERROR(3日!F29,"") -> 85.3 | D6: =IFERROR(3日!F35,"") -> 57.4 | E6: =IFERROR(3日!F41,"") -> 200.9 | F6: =IFERROR(3日!I41,"") -> 432.7 | G6: =IFERROR(3日!T41,"") -> 3600 | H6: =IFERROR(VALUE(LEFT(3日!J43,FIND(" ",3日!J43)-1)),"") -> 2867 | I6: =IFERROR(VALUE(TRIM(SUBSTITUTE(MID(3日!J43,FIND("(",3日!J43)+1,FIND("t)",3日!J43)-FIND("(",3日!J43)-1),"t",""))),"") -> 60 | J6: =IFERROR(VALUE(LEFT(3日!J45,FIND(" ",3日!J45)-1)),"") -> 2831 | K6: =IFERROR(VALUE(TRIM(SUBSTITUTE(MID(3日!J45,FIND("(",3日!J45)+1,FIND("t)",3日!J45)-FIND("(",3日!J45)-1),"t",""))),"") -> 43 | L6: =IFERROR(VALUE(LEFT(3日!J47,FIND(" ",3日!J47)-1)),"") -> 0 | M6: =IFERROR(VALUE(TRIM(SUBSTITUTE(MID(3日!J47,FIND("(",3日!J47)+1,FIND("t)",3日!J47)-FIND("(",3日!J47)-1),"t",""))),"") -> 0 | N6: =IFERROR(VALUE(LEFT(3日!J49,FIND(" ",3日!J49)-1)),"") -> 5698 | O6: =IFERROR(VALUE(TRIM(SUBSTITUTE(MID(3日!J49,FIND("(",3日!J49)+1,FIND("t)",3日!J49)-FIND("(",3日!J49)-1),"t",""))),"") -> 103
A7: 4日 | B7: =IFERROR(4日!F23,"") -> 59 | C7: =IFERROR(4日!F29,"") -> 95.5 | D7: =IFERROR(4日!F35,"") -> 66.6 | E7: =IFERROR(4日!F41,"") -> 221.1 | F7: =IFERROR(4日!I41,"") -> 653.8 | G7: =IFERROR(4日!T41,"") -> 2400 | H7: =IFERROR(VALUE(LEFT(4日!J43,FIND(" ",4日!J43)-1)),"") -> 3194 | I7: =IFERROR(VALUE(TRIM(SUBSTITUTE(MID(4日!J43,FIND("(",4日!J43)+1,FIND("t)",4日!J43)-FIND("(",4日!J43)-1),"t",""))),"") -> 77 | J7: =IFERROR(VALUE(LEFT(4日!J45,FIND(" ",4日!J45)-1)),"") -> 4540 | K7: =IFERROR(VALUE(TRIM(SUBSTITUTE(MID(4日!J45,FIND("(",4日!J45)+1,FIND("t)",4日!J45)-FIND("(",4日!J45)-1),"t",""))),"") -> 79 | L7: =IFERROR(VALUE(LEFT(4日!J47,FIND(" ",4日!J47)-1)),"") -> 0 | M7: =IFERROR(VALUE(TRIM(SUBSTITUTE(MID(4日!J47,FIND("(",4日!J47)+1,FIND("t)",4日!J47)-FIND("(",4日!J47)-1),"t",""))),"") -> 0 | N7: =IFERROR(VALUE(LEFT(4日!J49,FIND(" ",4日!J49)-1)),"") -> 7734 | O7: =IFERROR(VALUE(TRIM(SUBSTITUTE(MID(4日!J49,FIND("(",4日!J49)+1,FIND("t)",4日!J49)-FIND("(",4日!J49)-1),"t",""))),"") -> 156
A8: 5日 | B8: =IFERROR(5日!F23,"") -> 27.8 | C8: =IFERROR(5日!F29,"") -> 65.6 | D8: =IFERROR(5日!F35,"") -> 58.6 | E8: =IFERROR(5日!F41,"") -> 152 | F8: =IFERROR(5日!I41,"") -> 805.8 | G8: =IFERROR(5日!T41,"") -> 36000 | H8: =IFERROR(VALUE(LEFT(5日!J43,FIND(" ",5日!J43)-1)),"") -> 2660 | I8: =IFERROR(VALUE(TRIM(SUBSTITUTE(MID(5日!J43,FIND("(",5日!J43)+1,FIND("t)",5日!J43)-FIND("(",5日!J43)-1),"t",""))),"") -> 52 | J8: =IFERROR(VALUE(LEFT(5日!J45,FIND(" ",5日!J45)-1)),"") -> 3093 | K8: =IFERROR(VALUE(TRIM(SUBSTITUTE(MID(5日!J45,FIND("(",5日!J45)+1,FIND("t)",5日!J45)-FIND("(",5日!J45)-1),"t",""))),"") -> 59 | L8: =IFERROR(VALUE(LEFT(5日!J47,FIND(" ",5日!J47)-1)),"") -> 0 | M8: =IFERROR(VALUE(TRIM(SUBSTITUTE(MID(5日!J47,FIND("(",5日!J47)+1,FIND("t)",5日!J47)-FIND("(",5日!J47)-1),"t",""))),"") -> 0 | N8: =IFERROR(VALUE(LEFT(5日!J49,FIND(" ",5日!J49)-1)),"") -> 5753 | O8: =IFERROR(VALUE(TRIM(SUBSTITUTE(MID(5日!J49,FIND("(",5日!J49)+1,FIND("t)",5日!J49)-FIND("(",5日!J49)-1),"t",""))),"") -> 111
A9: 6日 | B9: =IFERROR(6日!F23,"") -> 25.2 | C9: =IFERROR(6日!F29,"") -> 85.1 | D9: =IFERROR(6日!F35,"") -> 57.4 | E9: =IFERROR(6日!F41,"") -> 167.7 | F9: =IFERROR(6日!I41,"") -> 973.4 | G9: =IFERROR(6日!T41,"") -> 41400 | H9: =IFERROR(VALUE(LEFT(6日!J43,FIND(" ",6日!J43)-1)),"") -> 5148 | I9: =IFERROR(VALUE(TRIM(SUBSTITUTE(MID(6日!J43,FIND("(",6日!J43)+1,FIND("t)",6日!J43)-FIND("(",6日!J43)-1),"t",""))),"") -> 77 | J9: =IFERROR(VALUE(LEFT(6日!J45,FIND(" ",6日!J45)-1)),"") -> 2848 | K9: =IFERROR(VALUE(TRIM(SUBSTITUTE(MID(6日!J45,FIND("(",6日!J45)+1,FIND("t)",6日!J45)-FIND("(",6日!J45)-1),"t",""))),"") -> 47 | L9: =IFERROR(VALUE(LEFT(6日!J47,FIND(" ",6日!J47)-1)),"") -> 0 | M9: =IFERROR(VALUE(TRIM(SUBSTITUTE(MID(6日!J47,FIND("(",6日!J47)+1,FIND("t)",6日!J47)-FIND("(",6日!J47)-1),"t",""))),"") -> 0 | N9: =IFERROR(VALUE(LEFT(6日!J49,FIND(" ",6日!J49)-1)),"") -> 7996 | O9: =IFERROR(VALUE(TRIM(SUBSTITUTE(MID(6日!J49,FIND("(",6日!J49)+1,FIND("t)",6日!J49)-FIND("(",6日!J49)-1),"t",""))),"") -> 123
A10: 7日 | B10: =IFERROR(7日!F23,"") -> 38.1 | C10: =IFERROR(7日!F29,"") -> 63.6 | D10: =IFERROR(7日!F35,"") -> 39.5 | E10: =IFERROR(7日!F41,"") -> 141.2 | F10: =IFERROR(7日!I41,"") -> 1114.6 | G10: =IFERROR(7日!T41,"") -> 45600 | H10: =IFERROR(VALUE(LEFT(7日!J43,FIND(" ",7日!J43)-1)),"") -> 2816 | I10: =IFERROR(VALUE(TRIM(SUBSTITUTE(MID(7日!J43,FIND("(",7日!J43)+1,FIND("t)",7日!J43)-FIND("(",7日!J43)-1),"t",""))),"") -> 45 | J10: =IFERROR(VALUE(LEFT(7日!J45,FIND(" ",7日!J45)-1)),"") -> 5466 | K10: =IFERROR(VALUE(TRIM(SUBSTITUTE(MID(7日!J45,FIND("(",7日!J45)+1,FIND("t)",7日!J45)-FIND("(",7日!J45)-1),"t",""))),"") -> 85 | L10: =IFERROR(VALUE(LEFT(7日!J47,FIND(" ",7日!J47)-1)),"") -> 0 | M10: =IFERROR(VALUE(TRIM(SUBSTITUTE(MID(7日!J47,FIND("(",7日!J47)+1,FIND("t)",7日!J47)-FIND("(",7日!J47)-1),"t",""))),"") -> 0 | N10: =IFERROR(VALUE(LEFT(7日!J49,FIND(" ",7日!J49)-1)),"") -> 8282 | O10: =IFERROR(VALUE(TRIM(SUBSTITUTE(MID(7日!J49,FIND("(",7日!J49)+1,FIND("t)",7日!J49)-FIND("(",7日!J49)-1),"t",""))),"") -> 131
A11: 8日 | B11: =IFERROR(8日!F23,"") -> 55.3 | C11: =IFERROR(8日!F29,"") -> 53.9 | D11: =IFERROR(8日!F35,"") -> 38.8 | E11: =IFERROR(8日!F41,"") -> 148 | F11: =IFERROR(8日!I41,"") -> 1262.6 | G11: =IFERROR(8日!T41,"") -> 45600 | H11: =IFERROR(VALUE(LEFT(8日!J43,FIND(" ",8日!J43)-1)),"") -> 3732 | I11: =IFERROR(VALUE(TRIM(SUBSTITUTE(MID(8日!J43,FIND("(",8日!J43)+1,FIND("t)",8日!J43)-FIND("(",8日!J43)-1),"t",""))),"") -> 65 | J11: =IFERROR(VALUE(LEFT(8日!J45,FIND(" ",8日!J45)-1)),"") -> 4758 | K11: =IFERROR(VALUE(TRIM(SUBSTITUTE(MID(8日!J45,FIND("(",8日!J45)+1,FIND("t)",8日!J45)-FIND("(",8日!J45)-1),"t",""))),"") -> 85 | L11: =IFERROR(VALUE(LEFT(8日!J47,FIND(" ",8日!J47)-1)),"") -> 0 | M11: =IFERROR(VALUE(TRIM(SUBSTITUTE(MID(8日!J47,FIND("(",8日!J47)+1,FIND("t)",8日!J47)-FIND("(",8日!J47)-1),"t",""))),"") -> 0 | N11: =IFERROR(VALUE(LEFT(8日!J49,FIND(" ",8日!J49)-1)),"") -> 8490 | O11: =IFERROR(VALUE(TRIM(SUBSTITUTE(MID(8日!J49,FIND("(",8日!J49)+1,FIND("t)",8日!J49)-FIND("(",8日!J49)-1),"t",""))),"") -> 150
A12: 9日 | B12: =IFERROR(9日!F23,"") -> 24.7 | C12: =IFERROR(9日!F29,"") -> 81.6 | D12: =IFERROR(9日!F35,"") -> 36.4 | E12: =IFERROR(9日!F41,"") -> 142.7 | F12: =IFERROR(9日!I41,"") -> 1405.3 | G12: =IFERROR(9日!T41,"") -> 33600 | H12: =IFERROR(VALUE(LEFT(9日!J43,FIND(" ",9日!J43)-1)),"") -> 2924 | I12: =IFERROR(VALUE(TRIM(SUBSTITUTE(MID(9日!J43,FIND("(",9日!J43)+1,FIND("t)",9日!J43)-FIND("(",9日!J43)-1),"t",""))),"") -> 62 | J12: =IFERROR(VALUE(LEFT(9日!J45,FIND(" ",9日!J45)-1)),"") -> 2990 | K12: =IFERROR(VALUE(TRIM(SUBSTITUTE(MID(9日!J45,FIND("(",9日!J45)+1,FIND("t)",9日!J45)-FIND("(",9日!J45)-1),"t",""))),"") -> 54 | L12: =IFERROR(VALUE(LEFT(9日!J47,FIND(" ",9日!J47)-1)),"") -> 0 | M12: =IFERROR(VALUE(TRIM(SUBSTITUTE(MID(9日!J47,FIND("(",9日!J47)+1,FIND("t)",9日!J47)-FIND("(",9日!J47)-1),"t",""))),"") -> 0 | N12: =IFERROR(VALUE(LEFT(9日!J49,FIND(" ",9日!J49)-1)),"") -> 5914 | O12: =IFERROR(VALUE(TRIM(SUBSTITUTE(MID(9日!J49,FIND("(",9日!J49)+1,FIND("t)",9日!J49)-FIND("(",9日!J49)-1),"t",""))),"") -> 115
A13: 10日 | B13: =IFERROR(10日!F23,"") -> 35.5 | C13: =IFERROR(10日!F29,"") -> 52.8 | D13: =IFERROR(10日!F35,"") -> 43.3 | E13: =IFERROR(10日!F41,"") -> 131.6 | F13: =IFERROR(10日!I41,"") -> 1536.9 | G13: =IFERROR(10日!T41,"") -> 37200 | H13: =IFERROR(VALUE(LEFT(10日!J43,FIND(" ",10日!J43)-1)),"") -> 2049 | I13: =IFERROR(VALUE(TRIM(SUBSTITUTE(MID(10日!J43,FIND("(",10日!J43)+1,FIND("t)",10日!J43)-FIND("(",10日!J43)-1),"t",""))),"") -> 46 | J13: =IFERROR(VALUE(LEFT(10日!J45,FIND(" ",10日!J45)-1)),"") -> 3574 | K13: =IFERROR(VALUE(TRIM(SUBSTITUTE(MID(10日!J45,FIND("(",10日!J45)+1,FIND("t)",10日!J45)-FIND("(",10日!J45)-1),"t",""))),"") -> 61 | L13: =IFERROR(VALUE(LEFT(10日!J47,FIND(" ",10日!J47)-1)),"") -> 0 | M13: =IFERROR(VALUE(TRIM(SUBSTITUTE(MID(10日!J47,FIND("(",10日!J47)+1,FIND("t)",10日!J47)-FIND("(",10日!J47)-1),"t",""))),"") -> 0 | N13: =IFERROR(VALUE(LEFT(10日!J49,FIND(" ",10日!J49)-1)),"") -> 5623 | O13: =IFERROR(VALUE(TRIM(SUBSTITUTE(MID(10日!J49,FIND("(",10日!J49)+1,FIND("t)",10日!J49)-FIND("(",10日!J49)-1),"t",""))),"") -> 107
A14: 11日 | B14: =IFERROR(11日!F23,"") -> 74 | C14: =IFERROR(11日!F29,"") -> 91.7 | D14: =IFERROR(11日!F35,"") -> 36.6 | E14: =IFERROR(11日!F41,"") -> 202.3 | F14: =IFERROR(11日!I41,"") -> 1739 | G14: =IFERROR(11日!T41,"") -> 20400 | H14: =IFERROR(VALUE(LEFT(11日!J43,FIND(" ",11日!J43)-1)),"") -> 5787 | I14: =IFERROR(VALUE(TRIM(SUBSTITUTE(MID(11日!J43,FIND("(",11日!J43)+1,FIND("t)",11日!J43)-FIND("(",11日!J43)-1),"t",""))),"") -> 104 | J14: =IFERROR(VALUE(LEFT(11日!J45,FIND(" ",11日!J45)-1)),"") -> 3343 | K14: =IFERROR(VALUE(TRIM(SUBSTITUTE(MID(11日!J45,FIND("(",11日!J45)+1,FIND("t)",11日!J45)-FIND("(",11日!J45)-1),"t",""))),"") -> 58 | L14: =IFERROR(VALUE(LEFT(11日!J47,FIND(" ",11日!J47)-1)),"") -> 0 | M14: =IFERROR(VALUE(TRIM(SUBSTITUTE(MID(11日!J47,FIND("(",11日!J47)+1,FIND("t)",11日!J47)-FIND("(",11日!J47)-1),"t",""))),"") -> 0 | N14: =IFERROR(VALUE(LEFT(11日!J49,FIND(" ",11日!J49)-1)),"") -> 9130 | O14: =IFERROR(VALUE(TRIM(SUBSTITUTE(MID(11日!J49,FIND("(",11日!J49)+1,FIND("t)",11日!J49)-FIND("(",11日!J49)-1),"t",""))),"") -> 162
A15: 12日 | B15: =IFERROR(12日!F23,"") -> 48.2 | C15: =IFERROR(12日!F29,"") -> 90.3 | D15: =IFERROR(12日!F35,"") -> 48.9 | E15: =IFERROR(12日!F41,"") -> 187.4 | F15: =IFERROR(12日!I41,"") -> 1926.4 | G15: =IFERROR(12日!T41,"") -> 19200 | H15: =IFERROR(VALUE(LEFT(12日!J43,FIND(" ",12日!J43)-1)),"") -> 5018 | I15: =IFERROR(VALUE(TRIM(SUBSTITUTE(MID(12日!J43,FIND("(",12日!J43)+1,FIND("t)",12日!J43)-FIND("(",12日!J43)-1),"t",""))),"") -> 85 | J15: =IFERROR(VALUE(LEFT(12日!J45,FIND(" ",12日!J45)-1)),"") -> 2836 | K15: =IFERROR(VALUE(TRIM(SUBSTITUTE(MID(12日!J45,FIND("(",12日!J45)+1,FIND("t)",12日!J45)-FIND("(",12日!J45)-1),"t",""))),"") -> 63 | L15: =IFERROR(VALUE(LEFT(12日!J47,FIND(" ",12日!J47)-1)),"") -> 0 | M15: =IFERROR(VALUE(TRIM(SUBSTITUTE(MID(12日!J47,FIND("(",12日!J47)+1,FIND("t)",12日!J47)-FIND("(",12日!J47)-1),"t",""))),"") -> 0 | N15: =IFERROR(VALUE(LEFT(12日!J49,FIND(" ",12日!J49)-1)),"") -> 7854 | O15: =IFERROR(VALUE(TRIM(SUBSTITUTE(MID(12日!J49,FIND("(",12日!J49)+1,FIND("t)",12日!J49)-FIND("(",12日!J49)-1),"t",""))),"") -> 148
A16: 13日 | B16: =IFERROR(13日!F23,"") -> 55.9 | C16: =IFERROR(13日!F29,"") -> 87.2 | D16: =IFERROR(13日!F35,"") -> 12.8 | E16: =IFERROR(13日!F41,"") -> 155.9 | F16: =IFERROR(13日!I41,"") -> 2082.4 | G16: =IFERROR(13日!T41,"") -> 30600 | H16: =IFERROR(VALUE(LEFT(13日!J43,FIND(" ",13日!J43)-1)),"") -> 3093 | I16: =IFERROR(VALUE(TRIM(SUBSTITUTE(MID(13日!J43,FIND("(",13日!J43)+1,FIND("t)",13日!J43)-FIND("(",13日!J43)-1),"t",""))),"") -> 45 | J16: =IFERROR(VALUE(LEFT(13日!J45,FIND(" ",13日!J45)-1)),"") -> 2740 | K16: =IFERROR(VALUE(TRIM(SUBSTITUTE(MID(13日!J45,FIND("(",13日!J45)+1,FIND("t)",13日!J45)-FIND("(",13日!J45)-1),"t",""))),"") -> 51 | L16: =IFERROR(VALUE(LEFT(13日!J47,FIND(" ",13日!J47)-1)),"") -> 0 | M16: =IFERROR(VALUE(TRIM(SUBSTITUTE(MID(13日!J47,FIND("(",13日!J47)+1,FIND("t)",13日!J47)-FIND("(",13日!J47)-1),"t",""))),"") -> 0 | N16: =IFERROR(VALUE(LEFT(13日!J49,FIND(" ",13日!J49)-1)),"") -> 5833 | O16: =IFERROR(VALUE(TRIM(SUBSTITUTE(MID(13日!J49,FIND("(",13日!J49)+1,FIND("t)",13日!J49)-FIND("(",13日!J49)-1),"t",""))),"") -> 96
A17: 14日 | B17: =IFERROR(14日!F23,"") -> 84.3 | C17: =IFERROR(14日!F29,"") -> 66.6 | D17: =IFERROR(14日!F35,"") -> 26.6 | E17: =IFERROR(14日!F41,"") -> 177.5 | F17: =IFERROR(14日!I41,"") -> 2259.9 | G17: =IFERROR(14日!T41,"") -> 28200 | H17: =IFERROR(VALUE(LEFT(14日!J43,FIND(" ",14日!J43)-1)),"") -> 4889 | I17: =IFERROR(VALUE(TRIM(SUBSTITUTE(MID(14日!J43,FIND("(",14日!J43)+1,FIND("t)",14日!J43)-FIND("(",14日!J43)-1),"t",""))),"") -> 72 | J17: =IFERROR(VALUE(LEFT(14日!J45,FIND(" ",14日!J45)-1)),"") -> 3636 | K17: =IFERROR(VALUE(TRIM(SUBSTITUTE(MID(14日!J45,FIND("(",14日!J45)+1,FIND("t)",14日!J45)-FIND("(",14日!J45)-1),"t",""))),"") -> 63 | L17: =IFERROR(VALUE(LEFT(14日!J47,FIND(" ",14日!J47)-1)),"") -> 0 | M17: =IFERROR(VALUE(TRIM(SUBSTITUTE(MID(14日!J47,FIND("(",14日!J47)+1,FIND("t)",14日!J47)-FIND("(",14日!J47)-1),"t",""))),"") -> 0 | N17: =IFERROR(VALUE(LEFT(14日!J49,FIND(" ",14日!J49)-1)),"") -> 8525 | O17: =IFERROR(VALUE(TRIM(SUBSTITUTE(MID(14日!J49,FIND("(",14日!J49)+1,FIND("t)",14日!J49)-FIND("(",14日!J49)-1),"t",""))),"") -> 135
A18: 15日 | B18: =IFERROR(15日!F23,"") -> 64.8 | C18: =IFERROR(15日!F29,"") -> 69.5 | D18: =IFERROR(15日!F35,"") -> 17 | E18: =IFERROR(15日!F41,"") -> 151.3 | F18: =IFERROR(15日!I41,"") -> 2411 | G18: =IFERROR(15日!T41,"") -> 12000 | H18: =IFERROR(VALUE(LEFT(15日!J43,FIND(" ",15日!J43)-1)),"") -> 5184 | I18: =IFERROR(VALUE(TRIM(SUBSTITUTE(MID(15日!J43,FIND("(",15日!J43)+1,FIND("t)",15日!J43)-FIND("(",15日!J43)-1),"t",""))),"") -> 95 | J18: =IFERROR(VALUE(LEFT(15日!J45,FIND(" ",15日!J45)-1)),"") -> 2638 | K18: =IFERROR(VALUE(TRIM(SUBSTITUTE(MID(15日!J45,FIND("(",15日!J45)+1,FIND("t)",15日!J45)-FIND("(",15日!J45)-1),"t",""))),"") -> 64 | L18: =IFERROR(VALUE(LEFT(15日!J47,FIND(" ",15日!J47)-1)),"") -> 0 | M18: =IFERROR(VALUE(TRIM(SUBSTITUTE(MID(15日!J47,FIND("(",15日!J47)+1,FIND("t)",15日!J47)-FIND("(",15日!J47)-1),"t",""))),"") -> 0 | N18: =IFERROR(VALUE(LEFT(15日!J49,FIND(" ",15日!J49)-1)),"") -> 7822 | O18: =IFERROR(VALUE(TRIM(SUBSTITUTE(MID(15日!J49,FIND("(",15日!J49)+1,FIND("t)",15日!J49)-FIND("(",15日!J49)-1),"t",""))),"") -> 159
A19: 16日 | B19: =IFERROR(16日!F23,"") -> 54.7 | C19: =IFERROR(16日!F29,"") -> 72.7 | D19: =IFERROR(16日!F35,"") -> 44.7 | E19: =IFERROR(16日!F41,"") -> 172.1 | F19: =IFERROR(16日!I41,"") -> 2583.1 | G19: =IFERROR(16日!T41,"") -> 1200 | H19: =IFERROR(VALUE(LEFT(16日!J43,FIND(" ",16日!J43)-1)),"") -> 5418 | I19: =IFERROR(VALUE(TRIM(SUBSTITUTE(MID(16日!J43,FIND("(",16日!J43)+1,FIND("t)",16日!J43)-FIND("(",16日!J43)-1),"t",""))),"") -> 88 | J19: =IFERROR(VALUE(LEFT(16日!J45,FIND(" ",16日!J45)-1)),"") -> 2430 | K19: =IFERROR(VALUE(TRIM(SUBSTITUTE(MID(16日!J45,FIND("(",16日!J45)+1,FIND("t)",16日!J45)-FIND("(",16日!J45)-1),"t",""))),"") -> 57 | L19: =IFERROR(VALUE(LEFT(16日!J47,FIND(" ",16日!J47)-1)),"") -> 0 | M19: =IFERROR(VALUE(TRIM(SUBSTITUTE(MID(16日!J47,FIND("(",16日!J47)+1,FIND("t)",16日!J47)-FIND("(",16日!J47)-1),"t",""))),"") -> 0 | N19: =IFERROR(VALUE(LEFT(16日!J49,FIND(" ",16日!J49)-1)),"") -> 7848 | O19: =IFERROR(VALUE(TRIM(SUBSTITUTE(MID(16日!J49,FIND("(",16日!J49)+1,FIND("t)",16日!J49)-FIND("(",16日!J49)-1),"t",""))),"") -> 146
A20: 17日 | B20: =IFERROR(17日!F23,"") -> 65.7 | C20: =IFERROR(17日!F29,"") -> 22.3 | D20: =IFERROR(17日!F35,"") -> 29.1 | E20: =IFERROR(17日!F41,"") -> 117.1 | F20: =IFERROR(17日!I41,"") -> 2700.3 | G20: =IFERROR(17日!T41,"") -> 3600 | H20: =IFERROR(VALUE(LEFT(17日!J43,FIND(" ",17日!J43)-1)),"") -> 4710 | I20: =IFERROR(VALUE(TRIM(SUBSTITUTE(MID(17日!J43,FIND("(",17日!J43)+1,FIND("t)",17日!J43)-FIND("(",17日!J43)-1),"t",""))),"") -> 70 | J20: =IFERROR(VALUE(LEFT(17日!J45,FIND(" ",17日!J45)-1)),"") -> 1399 | K20: =IFERROR(VALUE(TRIM(SUBSTITUTE(MID(17日!J45,FIND("(",17日!J45)+1,FIND("t)",17日!J45)-FIND("(",17日!J45)-1),"t",""))),"") -> 27 | L20: =IFERROR(VALUE(LEFT(17日!J47,FIND(" ",17日!J47)-1)),"") -> 0 | M20: =IFERROR(VALUE(TRIM(SUBSTITUTE(MID(17日!J47,FIND("(",17日!J47)+1,FIND("t)",17日!J47)-FIND("(",17日!J47)-1),"t",""))),"") -> 0 | N20: =IFERROR(VALUE(LEFT(17日!J49,FIND(" ",17日!J49)-1)),"") -> 6109 | O20: =IFERROR(VALUE(TRIM(SUBSTITUTE(MID(17日!J49,FIND("(",17日!J49)+1,FIND("t)",17日!J49)-FIND("(",17日!J49)-1),"t",""))),"") -> 97
A21: 18日 | B21: =IFERROR(18日!F23,"") -> 16.3 | C21: =IFERROR(18日!F29,"") -> 42.9 | D21: =IFERROR(18日!F35,"") -> 45.1 | E21: =IFERROR(18日!F41,"") -> 104.3 | F21: =IFERROR(18日!I41,"") -> 2804.6 | G21: =IFERROR(18日!T41,"") -> 7200 | H21: =IFERROR(VALUE(LEFT(18日!J43,FIND(" ",18日!J43)-1)),"") -> 2408 | I21: =IFERROR(VALUE(TRIM(SUBSTITUTE(MID(18日!J43,FIND("(",18日!J43)+1,FIND("t)",18日!J43)-FIND("(",18日!J43)-1),"t",""))),"") -> 33 | J21: =IFERROR(VALUE(LEFT(18日!J45,FIND(" ",18日!J45)-1)),"") -> 3384 | K21: =IFERROR(VALUE(TRIM(SUBSTITUTE(MID(18日!J45,FIND("(",18日!J45)+1,FIND("t)",18日!J45)-FIND("(",18日!J45)-1),"t",""))),"") -> 60 | L21: =IFERROR(VALUE(LEFT(18日!J47,FIND(" ",18日!J47)-1)),"") -> 0 | M21: =IFERROR(VALUE(TRIM(SUBSTITUTE(MID(18日!J47,FIND("(",18日!J47)+1,FIND("t)",18日!J47)-FIND("(",18日!J47)-1),"t",""))),"") -> 0 | N21: =IFERROR(VALUE(LEFT(18日!J49,FIND(" ",18日!J49)-1)),"") -> 5792 | O21: =IFERROR(VALUE(TRIM(SUBSTITUTE(MID(18日!J49,FIND("(",18日!J49)+1,FIND("t)",18日!J49)-FIND("(",18日!J49)-1),"t",""))),"") -> 93
A22: 19日 | B22: =IFERROR(19日!F23,"") -> 38.9 | C22: =IFERROR(19日!F29,"") -> 8.2 | D22: =IFERROR(19日!F35,"") -> 5.2 | E22: =IFERROR(19日!F41,"") -> 52.3 | F22: =IFERROR(19日!I41,"") -> 2856.9 | G22: =IFERROR(19日!T41,"") -> 30000 | H22: =IFERROR(VALUE(LEFT(19日!J43,FIND(" ",19日!J43)-1)),"") -> 3124 | I22: =IFERROR(VALUE(TRIM(SUBSTITUTE(MID(19日!J43,FIND("(",19日!J43)+1,FIND("t)",19日!J43)-FIND("(",19日!J43)-1),"t",""))),"") -> 47 | J22: =IFERROR(VALUE(LEFT(19日!J45,FIND(" ",19日!J45)-1)),"") -> 2381 | K22: =IFERROR(VALUE(TRIM(SUBSTITUTE(MID(19日!J45,FIND("(",19日!J45)+1,FIND("t)",19日!J45)-FIND("(",19日!J45)-1),"t",""))),"") -> 34 | L22: =IFERROR(VALUE(LEFT(19日!J47,FIND(" ",19日!J47)-1)),"") -> 0 | M22: =IFERROR(VALUE(TRIM(SUBSTITUTE(MID(19日!J47,FIND("(",19日!J47)+1,FIND("t)",19日!J47)-FIND("(",19日!J47)-1),"t",""))),"") -> 0 | N22: =IFERROR(VALUE(LEFT(19日!J49,FIND(" ",19日!J49)-1)),"") -> 5505 | O22: =IFERROR(VALUE(TRIM(SUBSTITUTE(MID(19日!J49,FIND("(",19日!J49)+1,FIND("t)",19日!J49)-FIND("(",19日!J49)-1),"t",""))),"") -> 81
A23: 20日 | B23: =IFERROR(20日!F23,"") -> 45.2 | C23: =IFERROR(20日!F29,"") -> 58.9 | D23: =IFERROR(20日!F35,"") -> 37.2 | E23: =IFERROR(20日!F41,"") -> 141.3 | F23: =IFERROR(20日!I41,"") -> 2998.2 | G23: =IFERROR(20日!T41,"") -> 20400 | H23: =IFERROR(VALUE(LEFT(20日!J43,FIND(" ",20日!J43)-1)),"") -> 2662 | I23: =IFERROR(VALUE(TRIM(SUBSTITUTE(MID(20日!J43,FIND("(",20日!J43)+1,FIND("t)",20日!J43)-FIND("(",20日!J43)-1),"t",""))),"") -> 40 | J23: =IFERROR(VALUE(LEFT(20日!J45,FIND(" ",20日!J45)-1)),"") -> 3404 | K23: =IFERROR(VALUE(TRIM(SUBSTITUTE(MID(20日!J45,FIND("(",20日!J45)+1,FIND("t)",20日!J45)-FIND("(",20日!J45)-1),"t",""))),"") -> 59 | L23: =IFERROR(VALUE(LEFT(20日!J47,FIND(" ",20日!J47)-1)),"") -> 0 | M23: =IFERROR(VALUE(TRIM(SUBSTITUTE(MID(20日!J47,FIND("(",20日!J47)+1,FIND("t)",20日!J47)-FIND("(",20日!J47)-1),"t",""))),"") -> 0 | N23: =IFERROR(VALUE(LEFT(20日!J49,FIND(" ",20日!J49)-1)),"") -> 6066 | O23: =IFERROR(VALUE(TRIM(SUBSTITUTE(MID(20日!J49,FIND("(",20日!J49)+1,FIND("t)",20日!J49)-FIND("(",20日!J49)-1),"t",""))),"") -> 99
A24: 21日 | B24: =IFERROR(21日!F23,"") -> 37.7 | C24: =IFERROR(21日!F29,"") -> 87.3 | D24: =IFERROR(21日!F35,"") -> 50.8 | E24: =IFERROR(21日!F41,"") -> 175.8 | F24: =IFERROR(21日!I41,"") -> 3174 | G24: =IFERROR(21日!T41,"") -> 49800 | H24: =IFERROR(VALUE(LEFT(21日!J43,FIND(" ",21日!J43)-1)),"") -> 1558 | I24: =IFERROR(VALUE(TRIM(SUBSTITUTE(MID(21日!J43,FIND("(",21日!J43)+1,FIND("t)",21日!J43)-FIND("(",21日!J43)-1),"t",""))),"") -> 36 | J24: =IFERROR(VALUE(LEFT(21日!J45,FIND(" ",21日!J45)-1)),"") -> 5683 | K24: =IFERROR(VALUE(TRIM(SUBSTITUTE(MID(21日!J45,FIND("(",21日!J45)+1,FIND("t)",21日!J45)-FIND("(",21日!J45)-1),"t",""))),"") -> 98 | L24: =IFERROR(VALUE(LEFT(21日!J47,FIND(" ",21日!J47)-1)),"") -> 0 | M24: =IFERROR(VALUE(TRIM(SUBSTITUTE(MID(21日!J47,FIND("(",21日!J47)+1,FIND("t)",21日!J47)-FIND("(",21日!J47)-1),"t",""))),"") -> 0 | N24: =IFERROR(VALUE(LEFT(21日!J49,FIND(" ",21日!J49)-1)),"") -> 7241 | O24: =IFERROR(VALUE(TRIM(SUBSTITUTE(MID(21日!J49,FIND("(",21日!J49)+1,FIND("t)",21日!J49)-FIND("(",21日!J49)-1),"t",""))),"") -> 134
A25: 22日 | B25: =IFERROR(22日!F23,"") -> 70.3 | C25: =IFERROR(22日!F29,"") -> 70.5 | D25: =IFERROR(22日!F35,"") -> 37.1 | E25: =IFERROR(22日!F41,"") -> 177.9 | F25: =IFERROR(22日!I41,"") -> 3351.8 | G25: =IFERROR(22日!T41,"") -> 9000 | H25: =IFERROR(VALUE(LEFT(22日!J43,FIND(" ",22日!J43)-1)),"") -> 2272 | I25: =IFERROR(VALUE(TRIM(SUBSTITUTE(MID(22日!J43,FIND("(",22日!J43)+1,FIND("t)",22日!J43)-FIND("(",22日!J43)-1),"t",""))),"") -> 56 | J25: =IFERROR(VALUE(LEFT(22日!J45,FIND(" ",22日!J45)-1)),"") -> 5564 | K25: =IFERROR(VALUE(TRIM(SUBSTITUTE(MID(22日!J45,FIND("(",22日!J45)+1,FIND("t)",22日!J45)-FIND("(",22日!J45)-1),"t",""))),"") -> 90 | L25: =IFERROR(VALUE(LEFT(22日!J47,FIND(" ",22日!J47)-1)),"") -> 0 | M25: =IFERROR(VALUE(TRIM(SUBSTITUTE(MID(22日!J47,FIND("(",22日!J47)+1,FIND("t)",22日!J47)-FIND("(",22日!J47)-1),"t",""))),"") -> 0 | N25: =IFERROR(VALUE(LEFT(22日!J49,FIND(" ",22日!J49)-1)),"") -> 7836 | O25: =IFERROR(VALUE(TRIM(SUBSTITUTE(MID(22日!J49,FIND("(",22日!J49)+1,FIND("t)",22日!J49)-FIND("(",22日!J49)-1),"t",""))),"") -> 146
A26: 23日 | B26: =IFERROR(23日!F23,"") -> 51.1 | C26: =IFERROR(23日!F29,"") -> 75.7 | D26: =IFERROR(23日!F35,"") -> 52.1 | E26: =IFERROR(23日!F41,"") -> 178.9 | F26: =IFERROR(23日!I41,"") -> 3530.8 | G26: =IFERROR(23日!T41,"") -> 25200 | H26: =IFERROR(VALUE(LEFT(23日!J43,FIND(" ",23日!J43)-1)),"") -> 3366 | I26: =IFERROR(VALUE(TRIM(SUBSTITUTE(MID(23日!J43,FIND("(",23日!J43)+1,FIND("t)",23日!J43)-FIND("(",23日!J43)-1),"t",""))),"") -> 55 | J26: =IFERROR(VALUE(LEFT(23日!J45,FIND(" ",23日!J45)-1)),"") -> 6050 | K26: =IFERROR(VALUE(TRIM(SUBSTITUTE(MID(23日!J45,FIND("(",23日!J45)+1,FIND("t)",23日!J45)-FIND("(",23日!J45)-1),"t",""))),"") -> 94 | L26: =IFERROR(VALUE(LEFT(23日!J47,FIND(" ",23日!J47)-1)),"") -> 0 | M26: =IFERROR(VALUE(TRIM(SUBSTITUTE(MID(23日!J47,FIND("(",23日!J47)+1,FIND("t)",23日!J47)-FIND("(",23日!J47)-1),"t",""))),"") -> 0 | N26: =IFERROR(VALUE(LEFT(23日!J49,FIND(" ",23日!J49)-1)),"") -> 9416 | O26: =IFERROR(VALUE(TRIM(SUBSTITUTE(MID(23日!J49,FIND("(",23日!J49)+1,FIND("t)",23日!J49)-FIND("(",23日!J49)-1),"t",""))),"") -> 149
A27: 24日 | B27: =IFERROR(24日!F23,"") -> 50.3 | C27: =IFERROR(24日!F29,"") -> 94 | D27: =IFERROR(24日!F35,"") -> 43.2 | E27: =IFERROR(24日!F41,"") -> 187.5 | F27: =IFERROR(24日!I41,"") -> 3718.2 | G27: =IFERROR(24日!T41,"") -> 48000 | H27: =IFERROR(VALUE(LEFT(24日!J43,FIND(" ",24日!J43)-1)),"") -> 3542 | I27: =IFERROR(VALUE(TRIM(SUBSTITUTE(MID(24日!J43,FIND("(",24日!J43)+1,FIND("t)",24日!J43)-FIND("(",24日!J43)-1),"t",""))),"") -> 56 | J27: =IFERROR(VALUE(LEFT(24日!J45,FIND(" ",24日!J45)-1)),"") -> 8096 | K27: =IFERROR(VALUE(TRIM(SUBSTITUTE(MID(24日!J45,FIND("(",24日!J45)+1,FIND("t)",24日!J45)-FIND("(",24日!J45)-1),"t",""))),"") -> 116 | L27: =IFERROR(VALUE(LEFT(24日!J47,FIND(" ",24日!J47)-1)),"") -> 0 | M27: =IFERROR(VALUE(TRIM(SUBSTITUTE(MID(24日!J47,FIND("(",24日!J47)+1,FIND("t)",24日!J47)-FIND("(",24日!J47)-1),"t",""))),"") -> 0 | N27: =IFERROR(VALUE(LEFT(24日!J49,FIND(" ",24日!J49)-1)),"") -> 11638 | O27: =IFERROR(VALUE(TRIM(SUBSTITUTE(MID(24日!J49,FIND("(",24日!J49)+1,FIND("t)",24日!J49)-FIND("(",24日!J49)-1),"t",""))),"") -> 172
A28: 25日 | B28: =IFERROR(25日!F23,"") -> 46.7 | C28: =IFERROR(25日!F29,"") -> 86.2 | D28: =IFERROR(25日!F35,"") -> 10 | E28: =IFERROR(25日!F41,"") -> 142.9 | F28: =IFERROR(25日!I41,"") -> 3861 | G28: =IFERROR(25日!T41,"") -> 18600 | H28: =IFERROR(VALUE(LEFT(25日!J43,FIND(" ",25日!J43)-1)),"") -> 2307 | I28: =IFERROR(VALUE(TRIM(SUBSTITUTE(MID(25日!J43,FIND("(",25日!J43)+1,FIND("t)",25日!J43)-FIND("(",25日!J43)-1),"t",""))),"") -> 56 | J28: =IFERROR(VALUE(LEFT(25日!J45,FIND(" ",25日!J45)-1)),"") -> 4137 | K28: =IFERROR(VALUE(TRIM(SUBSTITUTE(MID(25日!J45,FIND("(",25日!J45)+1,FIND("t)",25日!J45)-FIND("(",25日!J45)-1),"t",""))),"") -> 60 | L28: =IFERROR(VALUE(LEFT(25日!J47,FIND(" ",25日!J47)-1)),"") -> 0 | M28: =IFERROR(VALUE(TRIM(SUBSTITUTE(MID(25日!J47,FIND("(",25日!J47)+1,FIND("t)",25日!J47)-FIND("(",25日!J47)-1),"t",""))),"") -> 0 | N28: =IFERROR(VALUE(LEFT(25日!J49,FIND(" ",25日!J49)-1)),"") -> 6444 | O28: =IFERROR(VALUE(TRIM(SUBSTITUTE(MID(25日!J49,FIND("(",25日!J49)+1,FIND("t)",25日!J49)-FIND("(",25日!J49)-1),"t",""))),"") -> 116
A29: 26日 | B29: =IFERROR(26日!F23,"") -> 11.4 | C29: =IFERROR(26日!F29,"") -> 41.5 | D29: =IFERROR(26日!F35,"") -> 0 | E29: =IFERROR(26日!F41,"") -> 52.9 | F29: =IFERROR(26日!I41,"") -> 3914 | G29: =IFERROR(26日!T41,"") -> 33000 | H29: =IFERROR(VALUE(LEFT(26日!J43,FIND(" ",26日!J43)-1)),"") -> 2410 | I29: =IFERROR(VALUE(TRIM(SUBSTITUTE(MID(26日!J43,FIND("(",26日!J43)+1,FIND("t)",26日!J43)-FIND("(",26日!J43)-1),"t",""))),"") -> 41 | J29: =IFERROR(VALUE(LEFT(26日!J45,FIND(" ",26日!J45)-1)),"") -> 3685 | K29: =IFERROR(VALUE(TRIM(SUBSTITUTE(MID(26日!J45,FIND("(",26日!J45)+1,FIND("t)",26日!J45)-FIND("(",26日!J45)-1),"t",""))),"") -> 57 | L29: =IFERROR(VALUE(LEFT(26日!J47,FIND(" ",26日!J47)-1)),"") -> 0 | M29: =IFERROR(VALUE(TRIM(SUBSTITUTE(MID(26日!J47,FIND("(",26日!J47)+1,FIND("t)",26日!J47)-FIND("(",26日!J47)-1),"t",""))),"") -> 0 | N29: =IFERROR(VALUE(LEFT(26日!J49,FIND(" ",26日!J49)-1)),"") -> 6095 | O29: =IFERROR(VALUE(TRIM(SUBSTITUTE(MID(26日!J49,FIND("(",26日!J49)+1,FIND("t)",26日!J49)-FIND("(",26日!J49)-1),"t",""))),"") -> 98
A30: 27日 | B30: =IFERROR(27日!F23,"") -> 16.5 | C30: =IFERROR(27日!F29,"") -> 0 | D30: =IFERROR(27日!F35,"") -> 10.3 | E30: =IFERROR(27日!F41,"") -> 26.8 | F30: =IFERROR(27日!I41,"") -> 3941 | G30: =IFERROR(27日!T41,"") -> 42000 | H30: =IFERROR(VALUE(LEFT(27日!J43,FIND(" ",27日!J43)-1)),"") -> 43 | I30: =IFERROR(VALUE(TRIM(SUBSTITUTE(MID(27日!J43,FIND("(",27日!J43)+1,FIND("t)",27日!J43)-FIND("(",27日!J43)-1),"t",""))),"") -> 1 | J30: =IFERROR(VALUE(LEFT(27日!J45,FIND(" ",27日!J45)-1)),"") -> 1256 | K30: =IFERROR(VALUE(TRIM(SUBSTITUTE(MID(27日!J45,FIND("(",27日!J45)+1,FIND("t)",27日!J45)-FIND("(",27日!J45)-1),"t",""))),"") -> 18 | L30: =IFERROR(VALUE(LEFT(27日!J47,FIND(" ",27日!J47)-1)),"") -> 0 | M30: =IFERROR(VALUE(TRIM(SUBSTITUTE(MID(27日!J47,FIND("(",27日!J47)+1,FIND("t)",27日!J47)-FIND("(",27日!J47)-1),"t",""))),"") -> 0 | N30: =IFERROR(VALUE(LEFT(27日!J49,FIND(" ",27日!J49)-1)),"") -> 1299 | O30: =IFERROR(VALUE(TRIM(SUBSTITUTE(MID(27日!J49,FIND("(",27日!J49)+1,FIND("t)",27日!J49)-FIND("(",27日!J49)-1),"t",""))),"") -> 19
A31: 28日 | B31: =IFERROR(28日!F23,"") -> 48.2 | C31: =IFERROR(28日!F29,"") -> 63.9 | D31: =IFERROR(28日!F35,"") -> 44.2 | E31: =IFERROR(28日!F41,"") -> 156.3 | F31: =IFERROR(28日!I41,"") -> 4097.1 | G31: =IFERROR(28日!T41,"") -> 31800 | H31: =IFERROR(VALUE(LEFT(28日!J43,FIND(" ",28日!J43)-1)),"") -> 2498 | I31: =IFERROR(VALUE(TRIM(SUBSTITUTE(MID(28日!J43,FIND("(",28日!J43)+1,FIND("t)",28日!J43)-FIND("(",28日!J43)-1),"t",""))),"") -> 45 | J31: =IFERROR(VALUE(LEFT(28日!J45,FIND(" ",28日!J45)-1)),"") -> 4011 | K31: =IFERROR(VALUE(TRIM(SUBSTITUTE(MID(28日!J45,FIND("(",28日!J45)+1,FIND("t)",28日!J45)-FIND("(",28日!J45)-1),"t",""))),"") -> 61 | L31: =IFERROR(VALUE(LEFT(28日!J47,FIND(" ",28日!J47)-1)),"") -> 0 | M31: =IFERROR(VALUE(TRIM(SUBSTITUTE(MID(28日!J47,FIND("(",28日!J47)+1,FIND("t)",28日!J47)-FIND("(",28日!J47)-1),"t",""))),"") -> 0 | N31: =IFERROR(VALUE(LEFT(28日!J49,FIND(" ",28日!J49)-1)),"") -> 6509 | O31: =IFERROR(VALUE(TRIM(SUBSTITUTE(MID(28日!J49,FIND("(",28日!J49)+1,FIND("t)",28日!J49)-FIND("(",28日!J49)-1),"t",""))),"") -> 106
A32: 29日 | B32: =IFERROR(29日!F23,"") -> 19.6 | C32: =IFERROR(29日!F29,"") -> 63.6 | D32: =IFERROR(29日!F35,"") -> 38.7 | E32: =IFERROR(29日!F41,"") -> 121.9 | F32: =IFERROR(29日!I41,"") -> 4219.1 | G32: =IFERROR(29日!T41,"") -> 36600 | H32: =IFERROR(VALUE(LEFT(29日!J43,FIND(" ",29日!J43)-1)),"") -> 2880 | I32: =IFERROR(VALUE(TRIM(SUBSTITUTE(MID(29日!J43,FIND("(",29日!J43)+1,FIND("t)",29日!J43)-FIND("(",29日!J43)-1),"t",""))),"") -> 59 | J32: =IFERROR(VALUE(LEFT(29日!J45,FIND(" ",29日!J45)-1)),"") -> 3500 | K32: =IFERROR(VALUE(TRIM(SUBSTITUTE(MID(29日!J45,FIND("(",29日!J45)+1,FIND("t)",29日!J45)-FIND("(",29日!J45)-1),"t",""))),"") -> 56 | L32: =IFERROR(VALUE(LEFT(29日!J47,FIND(" ",29日!J47)-1)),"") -> 0 | M32: =IFERROR(VALUE(TRIM(SUBSTITUTE(MID(29日!J47,FIND("(",29日!J47)+1,FIND("t)",29日!J47)-FIND("(",29日!J47)-1),"t",""))),"") -> 0 | N32: =IFERROR(VALUE(LEFT(29日!J49,FIND(" ",29日!J49)-1)),"") -> 6380 | O32: =IFERROR(VALUE(TRIM(SUBSTITUTE(MID(29日!J49,FIND("(",29日!J49)+1,FIND("t)",29日!J49)-FIND("(",29日!J49)-1),"t",""))),"") -> 115
A33: 30日 | B33: =IFERROR(30日!F23,"") -> 38.2 | C33: =IFERROR(30日!F29,"") -> 55.6 | D33: =IFERROR(30日!F35,"") -> 39.1 | E33: =IFERROR(30日!F41,"") -> 132.9 | F33: =IFERROR(30日!I41,"") -> 4352 | G33: =IFERROR(30日!T41,"") -> 31200 | H33: =IFERROR(VALUE(LEFT(30日!J43,FIND(" ",30日!J43)-1)),"") -> 1982 | I33: =IFERROR(VALUE(TRIM(SUBSTITUTE(MID(30日!J43,FIND("(",30日!J43)+1,FIND("t)",30日!J43)-FIND("(",30日!J43)-1),"t",""))),"") -> 43 | J33: =IFERROR(VALUE(LEFT(30日!J45,FIND(" ",30日!J45)-1)),"") -> 3761 | K33: =IFERROR(VALUE(TRIM(SUBSTITUTE(MID(30日!J45,FIND("(",30日!J45)+1,FIND("t)",30日!J45)-FIND("(",30日!J45)-1),"t",""))),"") -> 67 | L33: =IFERROR(VALUE(LEFT(30日!J47,FIND(" ",30日!J47)-1)),"") -> 0 | M33: =IFERROR(VALUE(TRIM(SUBSTITUTE(MID(30日!J47,FIND("(",30日!J47)+1,FIND("t)",30日!J47)-FIND("(",30日!J47)-1),"t",""))),"") -> 0 | N33: =IFERROR(VALUE(LEFT(30日!J49,FIND(" ",30日!J49)-1)),"") -> 5743 | O33: =IFERROR(VALUE(TRIM(SUBSTITUTE(MID(30日!J49,FIND("(",30日!J49)+1,FIND("t)",30日!J49)-FIND("(",30日!J49)-1),"t",""))),"") -> 110
A34: 31日 | B34: =IFERROR(31日!F23,"") -> 42.1 | C34: =IFERROR(31日!F29,"") -> 86.8 | D34: =IFERROR(31日!F35,"") -> 63.3 | E34: =IFERROR(31日!F41,"") -> 192.2 | F34: =IFERROR(31日!I41,"") -> 4544 | G34: =IFERROR(31日!T41,"") -> 12000 | H34: =IFERROR(VALUE(LEFT(31日!J43,FIND(" ",31日!J43)-1)),"") -> 3365 | I34: =IFERROR(VALUE(TRIM(SUBSTITUTE(MID(31日!J43,FIND("(",31日!J43)+1,FIND("t)",31日!J43)-FIND("(",31日!J43)-1),"t",""))),"") -> 71 | J34: =IFERROR(VALUE(LEFT(31日!J45,FIND(" ",31日!J45)-1)),"") -> 4344 | K34: =IFERROR(VALUE(TRIM(SUBSTITUTE(MID(31日!J45,FIND("(",31日!J45)+1,FIND("t)",31日!J45)-FIND("(",31日!J45)-1),"t",""))),"") -> 67 | L34: =IFERROR(VALUE(LEFT(31日!J47,FIND(" ",31日!J47)-1)),"") -> 0 | M34: =IFERROR(VALUE(TRIM(SUBSTITUTE(MID(31日!J47,FIND("(",31日!J47)+1,FIND("t)",31日!J47)-FIND("(",31日!J47)-1),"t",""))),"") -> 0 | N34: =IFERROR(VALUE(LEFT(31日!J49,FIND(" ",31日!J49)-1)),"") -> 7709 | O34: =IFERROR(VALUE(TRIM(SUBSTITUTE(MID(31日!J49,FIND("(",31日!J49)+1,FIND("t)",31日!J49)-FIND("(",31日!J49)-1),"t",""))),"") -> 138
A35: 合計/平均 | B35: =SUM(B4:B34) -> 1363.5 | C35: =SUM(C4:C34) -> 2046.5 | D35: =SUM(D4:D34) -> 1134.3 | E35: =SUM(E4:E34) -> 4544.3 | G35: =SUM(G4:G34) -> 796200 | H35: =SUM(H4:H34) -> 99770 | I35: =SUM(I4:I34) -> 1787 | J35: =SUM(J4:J34) -> 113729 | K35: =SUM(K4:K34) -> 1920 | L35: =SUM(L4:L34) -> 0 | M35: =SUM(M4:M34) -> 0 | N35: =SUM(N4:N34) -> 213499 | O35: =SUM(O4:O34) -> 3707

Sheet 仕上2G_月次
A1: （３）仕上２Ｇ 月次集計
A2: データ出典: 各日シート（1日～31日）へのリンク数式。数値は元シートの値がそのまま反映されます。
A3: 日 | B3: 下台数 | C3: 総台数 | D3: 下の比率(%) | E3: 積替処理数 | F3: 積替累計 | G3: 未選別台数 | H3: 未仕上台数 | I3: 損紙発生量 実績 | J3: 損紙発生量 累計
A4: 1日 | B4: =IFERROR(1日!B58,"") -> 33 | C4: =IFERROR(1日!F58,"") -> 216 | D4: =IFERROR(1日!J58,"") -> 15.277778 | E4: =IFERROR(1日!G65,"") -> 0 | F4: =IFERROR(1日!K65,"") -> 0 | G4: =IFERROR(1日!P65,"") -> 90 | H4: =IFERROR(1日!T65,"") -> 114 | I4: =IFERROR(1日!Y65,"") -> 4 | J4: =IFERROR(1日!Y68,"") -> 4
A5: 2日 | B5: =IFERROR(2日!B58,"") -> 35 | C5: =IFERROR(2日!F58,"") -> 196 | D5: =IFERROR(2日!J58,"") -> 17.857143 | E5: =IFERROR(2日!G65,"") -> 7 | F5: =IFERROR(2日!K65,"") -> 7 | G5: =IFERROR(2日!P65,"") -> 118 | H5: =IFERROR(2日!T65,"") -> 132 | I5: =IFERROR(2日!Y65,"") -> 6 | J5: =IFERROR(2日!Y68,"") -> 10
A6: 3日 | B6: =IFERROR(3日!B58,"") -> 32 | C6: =IFERROR(3日!F58,"") -> 318 | D6: =IFERROR(3日!J58,"") -> 10.062893 | E6: =IFERROR(3日!G65,"") -> 7 | F6: =IFERROR(3日!K65,"") -> 14 | G6: =IFERROR(3日!P65,"") -> 113 | H6: =IFERROR(3日!T65,"") -> 156 | I6: =IFERROR(3日!Y65,"") -> 5 | J6: =IFERROR(3日!Y68,"") -> 15
A7: 4日 | B7: =IFERROR(4日!B58,"") -> 21 | C7: =IFERROR(4日!F58,"") -> 360 | D7: =IFERROR(4日!J58,"") -> 5.8333333 | E7: =IFERROR(4日!G65,"") -> 5 | F7: =IFERROR(4日!K65,"") -> 19 | G7: =IFERROR(4日!P65,"") -> 180 | H7: =IFERROR(4日!T65,"") -> 245 | I7: =IFERROR(4日!Y65,"") -> 8 | J7: =IFERROR(4日!Y68,"") -> 23
A8: 5日 | B8: =IFERROR(5日!B58,"") -> 20 | C8: =IFERROR(5日!F58,"") -> 257 | D8: =IFERROR(5日!J58,"") -> 7.7821012 | E8: =IFERROR(5日!G65,"") -> 5 | F8: =IFERROR(5日!K65,"") -> 24 | G8: =IFERROR(5日!P65,"") -> 171 | H8: =IFERROR(5日!T65,"") -> 251 | I8: =IFERROR(5日!Y65,"") -> 11 | J8: =IFERROR(5日!Y68,"") -> 34
A9: 6日 | B9: =IFERROR(6日!B58,"") -> 11 | C9: =IFERROR(6日!F58,"") -> 286 | D9: =IFERROR(6日!J58,"") -> 3.8461538 | E9: =IFERROR(6日!G65,"") -> 9 | F9: =IFERROR(6日!K65,"") -> 33 | G9: =IFERROR(6日!P65,"") -> 110 | H9: =IFERROR(6日!T65,"") -> 172 | I9: =IFERROR(6日!Y65,"") -> 15 | J9: =IFERROR(6日!Y68,"") -> 49
A10: 7日 | B10: =IFERROR(7日!B58,"") -> 11 | C10: =IFERROR(7日!F58,"") -> 273 | D10: =IFERROR(7日!J58,"") -> 4.029304 | E10: =IFERROR(7日!G65,"") -> 7 | F10: =IFERROR(7日!K65,"") -> 40 | G10: =IFERROR(7日!P65,"") -> 106 | H10: =IFERROR(7日!T65,"") -> 158 | I10: =IFERROR(7日!Y65,"") -> 9 | J10: =IFERROR(7日!Y68,"") -> 58
A11: 8日 | B11: =IFERROR(8日!B58,"") -> 23 | C11: =IFERROR(8日!F58,"") -> 256 | D11: =IFERROR(8日!J58,"") -> 8.984375 | E11: =IFERROR(8日!G65,"") -> 5 | F11: =IFERROR(8日!K65,"") -> 45 | G11: =IFERROR(8日!P65,"") -> 110 | H11: =IFERROR(8日!T65,"") -> 135 | I11: =IFERROR(8日!Y65,"") -> 16 | J11: =IFERROR(8日!Y68,"") -> 74
A12: 9日 | B12: =IFERROR(9日!B58,"") -> 35 | C12: =IFERROR(9日!F58,"") -> 199 | D12: =IFERROR(9日!J58,"") -> 17.58794 | E12: =IFERROR(9日!G65,"") -> 7 | F12: =IFERROR(9日!K65,"") -> 52 | G12: =IFERROR(9日!P65,"") -> 103 | H12: =IFERROR(9日!T65,"") -> 121 | I12: =IFERROR(9日!Y65,"") -> 14 | J12: =IFERROR(9日!Y68,"") -> 88
A13: 10日 | B13: =IFERROR(10日!B58,"") -> 19 | C13: =IFERROR(10日!F58,"") -> 160 | D13: =IFERROR(10日!J58,"") -> 11.875 | E13: =IFERROR(10日!G65,"") -> 5 | F13: =IFERROR(10日!K65,"") -> 57 | G13: =IFERROR(10日!P65,"") -> 77 | H13: =IFERROR(10日!T65,"") -> 117 | I13: =IFERROR(10日!Y65,"") -> 17 | J13: =IFERROR(10日!Y68,"") -> 105
A14: 11日 | B14: =IFERROR(11日!B58,"") -> 22 | C14: =IFERROR(11日!F58,"") -> 251 | D14: =IFERROR(11日!J58,"") -> 8.7649402 | E14: =IFERROR(11日!G65,"") -> 4 | F14: =IFERROR(11日!K65,"") -> 61 | G14: =IFERROR(11日!P65,"") -> 113 | H14: =IFERROR(11日!T65,"") -> 171 | I14: =IFERROR(11日!Y65,"") -> 11 | J14: =IFERROR(11日!Y68,"") -> 116
A15: 12日 | B15: =IFERROR(12日!B58,"") -> 12 | C15: =IFERROR(12日!F58,"") -> 285 | D15: =IFERROR(12日!J58,"") -> 4.2105263 | E15: =IFERROR(12日!G65,"") -> 6 | F15: =IFERROR(12日!K65,"") -> 67 | G15: =IFERROR(12日!P65,"") -> 109 | H15: =IFERROR(12日!T65,"") -> 156 | I15: =IFERROR(12日!Y65,"") -> 7 | J15: =IFERROR(12日!Y68,"") -> 123
A16: 13日 | B16: =IFERROR(13日!B58,"") -> 24 | C16: =IFERROR(13日!F58,"") -> 238 | D16: =IFERROR(13日!J58,"") -> 10.084034 | E16: =IFERROR(13日!G65,"") -> 7 | F16: =IFERROR(13日!K65,"") -> 74 | G16: =IFERROR(13日!P65,"") -> 118 | H16: =IFERROR(13日!T65,"") -> 147 | I16: =IFERROR(13日!Y65,"") -> 11 | J16: =IFERROR(13日!Y68,"") -> 134
A17: 14日 | B17: =IFERROR(14日!B58,"") -> 2 | C17: =IFERROR(14日!F58,"") -> 278 | D17: =IFERROR(14日!J58,"") -> 0.71942446 | E17: =IFERROR(14日!G65,"") -> 8 | F17: =IFERROR(14日!K65,"") -> 82 | G17: =IFERROR(14日!P65,"") -> 83 | H17: =IFERROR(14日!T65,"") -> 107 | I17: =IFERROR(14日!Y65,"") -> 10 | J17: =IFERROR(14日!Y68,"") -> 144
A18: 15日 | B18: =IFERROR(15日!B58,"") -> 8 | C18: =IFERROR(15日!F58,"") -> 260 | D18: =IFERROR(15日!J58,"") -> 3.0769231 | E18: =IFERROR(15日!G65,"") -> 8 | F18: =IFERROR(15日!K65,"") -> 90 | G18: =IFERROR(15日!P65,"") -> 89 | H18: =IFERROR(15日!T65,"") -> 109 | I18: =IFERROR(15日!Y65,"") -> 7 | J18: =IFERROR(15日!Y68,"") -> 151
A19: 16日 | B19: =IFERROR(16日!B58,"") -> 4 | C19: =IFERROR(16日!F58,"") -> 274 | D19: =IFERROR(16日!J58,"") -> 1.459854 | E19: =IFERROR(16日!G65,"") -> 9 | F19: =IFERROR(16日!K65,"") -> 99 | G19: =IFERROR(16日!P65,"") -> 118 | H19: =IFERROR(16日!T65,"") -> 149 | I19: =IFERROR(16日!Y65,"") -> 10 | J19: =IFERROR(16日!Y68,"") -> 161
A20: 17日 | B20: =IFERROR(17日!B58,"") -> 3 | C20: =IFERROR(17日!F58,"") -> 208 | D20: =IFERROR(17日!J58,"") -> 1.4423077 | E20: =IFERROR(17日!G65,"") -> 8 | F20: =IFERROR(17日!K65,"") -> 107 | G20: =IFERROR(17日!P65,"") -> 65 | H20: =IFERROR(17日!T65,"") -> 77 | I20: =IFERROR(17日!Y65,"") -> 7 | J20: =IFERROR(17日!Y68,"") -> 168
A21: 18日 | B21: =IFERROR(18日!B58,"") -> 4 | C21: =IFERROR(18日!F58,"") -> 196 | D21: =IFERROR(18日!J58,"") -> 2.0408163 | E21: =IFERROR(18日!G65,"") -> 5 | F21: =IFERROR(18日!K65,"") -> 112 | G21: =IFERROR(18日!P65,"") -> 63 | H21: =IFERROR(18日!T65,"") -> 83 | I21: =IFERROR(18日!Y65,"") -> 11 | J21: =IFERROR(18日!Y68,"") -> 179
A22: 19日 | B22: =IFERROR(19日!B58,"") -> 10 | C22: =IFERROR(19日!F58,"") -> 64 | D22: =IFERROR(19日!J58,"") -> 15.625 | E22: =IFERROR(19日!G65,"") -> 6 | F22: =IFERROR(19日!K65,"") -> 118 | G22: =IFERROR(19日!P65,"") -> 73 | H22: =IFERROR(19日!T65,"") -> 100 | I22: =IFERROR(19日!Y65,"") -> 7 | J22: =IFERROR(19日!Y68,"") -> 186
A23: 20日 | B23: =IFERROR(20日!B58,"") -> 12 | C23: =IFERROR(20日!F58,"") -> 231 | D23: =IFERROR(20日!J58,"") -> 5.1948052 | E23: =IFERROR(20日!G65,"") -> 4 | F23: =IFERROR(20日!K65,"") -> 122 | G23: =IFERROR(20日!P65,"") -> 60 | H23: =IFERROR(20日!T65,"") -> 65 | I23: =IFERROR(20日!Y65,"") -> 6 | J23: =IFERROR(20日!Y68,"") -> 192
A24: 21日 | B24: =IFERROR(21日!B58,"") -> 5 | C24: =IFERROR(21日!F58,"") -> 292 | D24: =IFERROR(21日!J58,"") -> 1.7123288 | E24: =IFERROR(21日!G65,"") -> 0 | F24: =IFERROR(21日!K65,"") -> 122 | G24: =IFERROR(21日!P65,"") -> 71 | H24: =IFERROR(21日!T65,"") -> 92 | I24: =IFERROR(21日!Y65,"") -> 7 | J24: =IFERROR(21日!Y68,"") -> 199
A25: 22日 | B25: =IFERROR(22日!B58,"") -> 4 | C25: =IFERROR(22日!F58,"") -> 297 | D25: =IFERROR(22日!J58,"") -> 1.3468013 | E25: =IFERROR(22日!G65,"") -> 8 | F25: =IFERROR(22日!K65,"") -> 130 | G25: =IFERROR(22日!P65,"") -> 69 | H25: =IFERROR(22日!T65,"") -> 83 | I25: =IFERROR(22日!Y65,"") -> 11 | J25: =IFERROR(22日!Y68,"") -> 210
A26: 23日 | B26: =IFERROR(23日!B58,"") -> 7 | C26: =IFERROR(23日!F58,"") -> 339 | D26: =IFERROR(23日!J58,"") -> 2.0648968 | E26: =IFERROR(23日!G65,"") -> 4 | F26: =IFERROR(23日!K65,"") -> 134 | G26: =IFERROR(23日!P65,"") -> 62 | H26: =IFERROR(23日!T65,"") -> 96 | I26: =IFERROR(23日!Y65,"") -> 10 | J26: =IFERROR(23日!Y68,"") -> 220
A27: 24日 | B27: =IFERROR(24日!B58,"") -> 19 | C27: =IFERROR(24日!F58,"") -> 270 | D27: =IFERROR(24日!J58,"") -> 7.037037 | E27: =IFERROR(24日!G65,"") -> 6 | F27: =IFERROR(24日!K65,"") -> 140 | G27: =IFERROR(24日!P65,"") -> 104 | H27: =IFERROR(24日!T65,"") -> 164 | I27: =IFERROR(24日!Y65,"") -> 9 | J27: =IFERROR(24日!Y68,"") -> 229
A28: 25日 | B28: =IFERROR(25日!B58,"") -> 4 | C28: =IFERROR(25日!F58,"") -> 209 | D28: =IFERROR(25日!J58,"") -> 1.9138756 | E28: =IFERROR(25日!G65,"") -> 6 | F28: =IFERROR(25日!K65,"") -> 146 | G28: =IFERROR(25日!P65,"") -> 99 | H28: =IFERROR(25日!T65,"") -> 169 | I28: =IFERROR(25日!Y65,"") -> 9 | J28: =IFERROR(25日!Y68,"") -> 238
A29: 26日 | B29: =IFERROR(26日!B58,"") -> 1 | C29: =IFERROR(26日!F58,"") -> 80 | D29: =IFERROR(26日!J58,"") -> 1.25 | E29: =IFERROR(26日!G65,"") -> 7 | F29: =IFERROR(26日!K65,"") -> 153 | G29: =IFERROR(26日!P65,"") -> 96 | H29: =IFERROR(26日!T65,"") -> 127 | I29: =IFERROR(26日!Y65,"") -> 10 | J29: =IFERROR(26日!Y68,"") -> 248
A30: 27日 | B30: =IFERROR(27日!B58,"") -> 6 | C30: =IFERROR(27日!F58,"") -> 57 | D30: =IFERROR(27日!J58,"") -> 10.526316 | E30: =IFERROR(27日!G65,"") -> 7 | F30: =IFERROR(27日!K65,"") -> 160 | G30: =IFERROR(27日!P65,"") -> 72 | H30: =IFERROR(27日!T65,"") -> 95 | I30: =IFERROR(27日!Y65,"") -> 11 | J30: =IFERROR(27日!Y68,"") -> 259
A31: 28日 | B31: =IFERROR(28日!B58,"") -> 8 | C31: =IFERROR(28日!F58,"") -> 255 | D31: =IFERROR(28日!J58,"") -> 3.1372549 | E31: =IFERROR(28日!G65,"") -> 2 | F31: =IFERROR(28日!K65,"") -> 162 | G31: =IFERROR(28日!P65,"") -> 76 | H31: =IFERROR(28日!T65,"") -> 104 | I31: =IFERROR(28日!Y65,"") -> 3 | J31: =IFERROR(28日!Y68,"") -> 262
A32: 29日 | B32: =IFERROR(29日!B58,"") -> 14 | C32: =IFERROR(29日!F58,"") -> 181 | D32: =IFERROR(29日!J58,"") -> 7.7348066 | E32: =IFERROR(29日!G65,"") -> 6 | F32: =IFERROR(29日!K65,"") -> 168 | G32: =IFERROR(29日!P65,"") -> 67 | H32: =IFERROR(29日!T65,"") -> 92 | I32: =IFERROR(29日!Y65,"") -> 11 | J32: =IFERROR(29日!Y68,"") -> 273
A33: 30日 | B33: =IFERROR(30日!B58,"") -> 11 | C33: =IFERROR(30日!F58,"") -> 173 | D33: =IFERROR(30日!J58,"") -> 6.3583815 | E33: =IFERROR(30日!G65,"") -> 0 | F33: =IFERROR(30日!K65,"") -> 168 | G33: =IFERROR(30日!P65,"") -> 78 | H33: =IFERROR(30日!T65,"") -> 82 | I33: =IFERROR(30日!Y65,"") -> 4 | J33: =IFERROR(30日!Y68,"") -> 277
A34: 31日 | B34: =IFERROR(31日!B58,"") -> 9 | C34: =IFERROR(31日!F58,"") -> 244 | D34: =IFERROR(31日!J58,"") -> 3.6885246 | E34: =IFERROR(31日!G65,"") -> 7 | F34: =IFERROR(31日!K65,"") -> 175 | G34: =IFERROR(31日!P65,"") -> 76 | H34: =IFERROR(31日!T65,"") -> 91 | I34: =IFERROR(31日!Y65,"") -> 9 | J34: =IFERROR(31日!Y68,"") -> 286
A35: 合計/平均 | B35: =SUM(B4:B34) -> 429 | C35: =SUM(C4:C34) -> 7203 | D35: =IFERROR(AVERAGE(D4:D34),"") -> 6.5330605 | E35: =SUM(E4:E34) -> 175 | G35: =SUM(G4:G34) -> 2939 | H35: =SUM(H4:H34) -> 3960 | I35: =SUM(I4:I34) -> 286

Sheet 生産高_月次
A1: （４）生産高 月次集計
A2: データ出典: 各日シート（1日～31日）へのリンク数式。数値は元シートの値がそのまま反映されます。
A3: 日 | B3: 既設カッター 実績(t) | C3: 既設カッター 計画(t) | D3: 既設カッター 増減(t) | E3: 既設カッター 累計実績(t) | F3: ５C/Rワインダー 実績(t) | G3: ５C/Rワインダー 計画(t) | H3: ５C/Rワインダー 増減(t) | I3: ５C/Rワインダー 累計実績(t) | J3: ５C/Rカッター 実績(t) | K3: ５C/Rカッター 計画(t) | L3: ５C/Rカッター 増減(t) | M3: ５C/Rカッター 累計実績(t)
A4: 1日 | B4: =IFERROR(1日!G75,"") -> 0 | C4: =IFERROR(1日!K75,"") -> -0.022556391 | D4: =IFERROR(1日!O75,"") -> 0.022556391 | E4: =IFERROR(1日!S75,"") -> 0 | F4: =IFERROR(1日!G76,"") -> 378.318 | G4: =IFERROR(1日!K76,"") -> 408.82852 | H4: =IFERROR(1日!O76,"") -> -30.510523 | I4: =IFERROR(1日!S76,"") -> 378.318 | J4: =IFERROR(1日!G77,"") -> 120.4 | K4: =IFERROR(1日!K77,"") -> 142.10526 | L4: =IFERROR(1日!O77,"") -> -21.705263 | M4: =IFERROR(1日!S77,"") -> 120.4
A5: 2日 | B5: =IFERROR(2日!G75,"") -> 0 | C5: =IFERROR(2日!K75,"") -> 0 | D5: =IFERROR(2日!O75,"") -> 0 | E5: =IFERROR(2日!S75,"") -> 0 | F5: =IFERROR(2日!G76,"") -> 412.827 | G5: =IFERROR(2日!K76,"") -> 408.82852 | H5: =IFERROR(2日!O76,"") -> 3.9984771 | I5: =IFERROR(2日!S76,"") -> 791.145 | J5: =IFERROR(2日!G77,"") -> 111.2 | K5: =IFERROR(2日!K77,"") -> 142.10526 | L5: =IFERROR(2日!O77,"") -> -30.905263 | M5: =IFERROR(2日!S77,"") -> 231.7
A6: 3日 | B6: =IFERROR(3日!G75,"") -> 23.029 | C6: =IFERROR(3日!K75,"") -> 0 | D6: =IFERROR(3日!O75,"") -> 23.029 | E6: =IFERROR(3日!S75,"") -> 23.029 | F6: =IFERROR(3日!G76,"") -> 383.112 | G6: =IFERROR(3日!K76,"") -> 408.82852 | H6: =IFERROR(3日!O76,"") -> -25.716523 | I6: =IFERROR(3日!S76,"") -> 1174.257 | J6: =IFERROR(3日!G77,"") -> 200.9 | K6: =IFERROR(3日!K77,"") -> 142.10526 | L6: =IFERROR(3日!O77,"") -> 58.794737 | M6: =IFERROR(3日!S77,"") -> 432.7
A7: 4日 | B7: =IFERROR(4日!G75,"") -> 19.95 | C7: =IFERROR(4日!K75,"") -> 110.97744 | D7: =IFERROR(4日!O75,"") -> -91.027444 | E7: =IFERROR(4日!S75,"") -> 42.979 | F7: =IFERROR(4日!G76,"") -> 385.191 | G7: =IFERROR(4日!K76,"") -> 408.82852 | H7: =IFERROR(4日!O76,"") -> -23.637523 | I7: =IFERROR(4日!S76,"") -> 1559.448 | J7: =IFERROR(4日!G77,"") -> 221.1 | K7: =IFERROR(4日!K77,"") -> 142.10526 | L7: =IFERROR(4日!O77,"") -> 78.994737 | M7: =IFERROR(4日!S77,"") -> 653.8
A8: 5日 | B8: =IFERROR(5日!G75,"") -> 0 | C8: =IFERROR(5日!K75,"") -> 0 | D8: =IFERROR(5日!O75,"") -> 0 | E8: =IFERROR(5日!S75,"") -> 42.979 | F8: =IFERROR(5日!G76,"") -> 401.316 | G8: =IFERROR(5日!K76,"") -> 408.82852 | H8: =IFERROR(5日!O76,"") -> -7.5125229 | I8: =IFERROR(5日!S76,"") -> 1960.764 | J8: =IFERROR(5日!G77,"") -> 152 | K8: =IFERROR(5日!K77,"") -> 142.10526 | L8: =IFERROR(5日!O77,"") -> 9.8947368 | M8: =IFERROR(5日!S77,"") -> 805.8
A9: 6日 | B9: =IFERROR(6日!G75,"") -> 0 | C9: =IFERROR(6日!K75,"") -> 0 | D9: =IFERROR(6日!O75,"") -> 0 | E9: =IFERROR(6日!S75,"") -> 42.979 | F9: =IFERROR(6日!G76,"") -> 360.968 | G9: =IFERROR(6日!K76,"") -> 408.82852 | H9: =IFERROR(6日!O76,"") -> -47.860523 | I9: =IFERROR(6日!S76,"") -> 2321.732 | J9: =IFERROR(6日!G77,"") -> 167.7 | K9: =IFERROR(6日!K77,"") -> 142.10526 | L9: =IFERROR(6日!O77,"") -> 25.594737 | M9: =IFERROR(6日!S77,"") -> 973.4
A10: 7日 | B10: =IFERROR(7日!G75,"") -> 0 | C10: =IFERROR(7日!K75,"") -> 0 | D10: =IFERROR(7日!O75,"") -> 0 | E10: =IFERROR(7日!S75,"") -> 42.979 | F10: =IFERROR(7日!G76,"") -> 360.418 | G10: =IFERROR(7日!K76,"") -> 408.82852 | H10: =IFERROR(7日!O76,"") -> -48.410523 | I10: =IFERROR(7日!S76,"") -> 2682.15 | J10: =IFERROR(7日!G77,"") -> 141.2 | K10: =IFERROR(7日!K77,"") -> 142.10526 | L10: =IFERROR(7日!O77,"") -> -0.90526316 | M10: =IFERROR(7日!S77,"") -> 1114.6
A11: 8日 | B11: =IFERROR(8日!G75,"") -> 0 | C11: =IFERROR(8日!K75,"") -> 0 | D11: =IFERROR(8日!O75,"") -> 0 | E11: =IFERROR(8日!S75,"") -> 42.979 | F11: =IFERROR(8日!G76,"") -> 452.284 | G11: =IFERROR(8日!K76,"") -> 408.82852 | H11: =IFERROR(8日!O76,"") -> 43.455477 | I11: =IFERROR(8日!S76,"") -> 3134.434 | J11: =IFERROR(8日!G77,"") -> 148 | K11: =IFERROR(8日!K77,"") -> 142.10526 | L11: =IFERROR(8日!O77,"") -> 5.8947368 | M11: =IFERROR(8日!S77,"") -> 1262.6
A12: 9日 | B12: =IFERROR(9日!G75,"") -> 0 | C12: =IFERROR(9日!K75,"") -> 0 | D12: =IFERROR(9日!O75,"") -> 0 | E12: =IFERROR(9日!S75,"") -> 42.979 | F12: =IFERROR(9日!G76,"") -> 464.324 | G12: =IFERROR(9日!K76,"") -> 408.82852 | H12: =IFERROR(9日!O76,"") -> 55.495477 | I12: =IFERROR(9日!S76,"") -> 3598.758 | J12: =IFERROR(9日!G77,"") -> 142.7 | K12: =IFERROR(9日!K77,"") -> 142.10526 | L12: =IFERROR(9日!O77,"") -> 0.59473684 | M12: =IFERROR(9日!S77,"") -> 1405.3
A13: 10日 | B13: =IFERROR(10日!G75,"") -> 0 | C13: =IFERROR(10日!K75,"") -> 0 | D13: =IFERROR(10日!O75,"") -> 0 | E13: =IFERROR(10日!S75,"") -> 42.979 | F13: =IFERROR(10日!G76,"") -> 436.318 | G13: =IFERROR(10日!K76,"") -> 408.82852 | H13: =IFERROR(10日!O76,"") -> 27.489477 | I13: =IFERROR(10日!S76,"") -> 4035.076 | J13: =IFERROR(10日!G77,"") -> 131.6 | K13: =IFERROR(10日!K77,"") -> 142.10526 | L13: =IFERROR(10日!O77,"") -> -10.505263 | M13: =IFERROR(10日!S77,"") -> 1536.9
A14: 11日 | B14: =IFERROR(11日!G75,"") -> 54.03 | C14: =IFERROR(11日!K75,"") -> 110.97744 | D14: =IFERROR(11日!O75,"") -> -56.947444 | E14: =IFERROR(11日!S75,"") -> 97.009 | F14: =IFERROR(11日!G76,"") -> 384.736 | G14: =IFERROR(11日!K76,"") -> 408.82852 | H14: =IFERROR(11日!O76,"") -> -24.092523 | I14: =IFERROR(11日!S76,"") -> 4419.812 | J14: =IFERROR(11日!G77,"") -> 202.3 | K14: =IFERROR(11日!K77,"") -> 142.10526 | L14: =IFERROR(11日!O77,"") -> 60.194737 | M14: =IFERROR(11日!S77,"") -> 1739
A15: 12日 | B15: =IFERROR(12日!G75,"") -> 118.788 | C15: =IFERROR(12日!K75,"") -> 110.97744 | D15: =IFERROR(12日!O75,"") -> 7.8105564 | E15: =IFERROR(12日!S75,"") -> 215.797 | F15: =IFERROR(12日!G76,"") -> 528.58 | G15: =IFERROR(12日!K76,"") -> 408.82852 | H15: =IFERROR(12日!O76,"") -> 119.75148 | I15: =IFERROR(12日!S76,"") -> 4948.392 | J15: =IFERROR(12日!G77,"") -> 187.4 | K15: =IFERROR(12日!K77,"") -> 142.10526 | L15: =IFERROR(12日!O77,"") -> 45.294737 | M15: =IFERROR(12日!S77,"") -> 1926.4
A16: 13日 | B16: =IFERROR(13日!G75,"") -> 133.203 | C16: =IFERROR(13日!K75,"") -> 110.97744 | D16: =IFERROR(13日!O75,"") -> 22.225556 | E16: =IFERROR(13日!S75,"") -> 349 | F16: =IFERROR(13日!G76,"") -> 459.621 | G16: =IFERROR(13日!K76,"") -> 408.82852 | H16: =IFERROR(13日!O76,"") -> 50.792477 | I16: =IFERROR(13日!S76,"") -> 5408.013 | J16: =IFERROR(13日!G77,"") -> 155.9 | K16: =IFERROR(13日!K77,"") -> 142.10526 | L16: =IFERROR(13日!O77,"") -> 13.794737 | M16: =IFERROR(13日!S77,"") -> 2082.4
A17: 14日 | B17: =IFERROR(14日!G75,"") -> 140.924 | C17: =IFERROR(14日!K75,"") -> 110.97744 | D17: =IFERROR(14日!O75,"") -> 29.946556 | E17: =IFERROR(14日!S75,"") -> 489.924 | F17: =IFERROR(14日!G76,"") -> 398.054 | G17: =IFERROR(14日!K76,"") -> 408.82852 | H17: =IFERROR(14日!O76,"") -> -10.774523 | I17: =IFERROR(14日!S76,"") -> 5806.067 | J17: =IFERROR(14日!G77,"") -> 177.5 | K17: =IFERROR(14日!K77,"") -> 142.10526 | L17: =IFERROR(14日!O77,"") -> 35.394737 | M17: =IFERROR(14日!S77,"") -> 2259.9
A18: 15日 | B18: =IFERROR(15日!G75,"") -> 113.357 | C18: =IFERROR(15日!K75,"") -> 110.97744 | D18: =IFERROR(15日!O75,"") -> 2.3795564 | E18: =IFERROR(15日!S75,"") -> 603.281 | F18: =IFERROR(15日!G76,"") -> 311.791 | G18: =IFERROR(15日!K76,"") -> 408.82852 | H18: =IFERROR(15日!O76,"") -> -97.037523 | I18: =IFERROR(15日!S76,"") -> 6117.858 | J18: =IFERROR(15日!G77,"") -> 151.3 | K18: =IFERROR(15日!K77,"") -> 142.10526 | L18: =IFERROR(15日!O77,"") -> 9.1947368 | M18: =IFERROR(15日!S77,"") -> 2411
A19: 16日 | B19: =IFERROR(16日!G75,"") -> 128.154 | C19: =IFERROR(16日!K75,"") -> 110.97744 | D19: =IFERROR(16日!O75,"") -> 17.176556 | E19: =IFERROR(16日!S75,"") -> 731.435 | F19: =IFERROR(16日!G76,"") -> 361.315 | G19: =IFERROR(16日!K76,"") -> 408.82852 | H19: =IFERROR(16日!O76,"") -> -47.513523 | I19: =IFERROR(16日!S76,"") -> 6479.173 | J19: =IFERROR(16日!G77,"") -> 172.1 | K19: =IFERROR(16日!K77,"") -> 142.10526 | L19: =IFERROR(16日!O77,"") -> 29.994737 | M19: =IFERROR(16日!S77,"") -> 2583.1
A20: 17日 | B20: =IFERROR(17日!G75,"") -> 118.268 | C20: =IFERROR(17日!K75,"") -> 110.97744 | D20: =IFERROR(17日!O75,"") -> 7.2905564 | E20: =IFERROR(17日!S75,"") -> 849.703 | F20: =IFERROR(17日!G76,"") -> 316.43 | G20: =IFERROR(17日!K76,"") -> 408.82852 | H20: =IFERROR(17日!O76,"") -> -92.398523 | I20: =IFERROR(17日!S76,"") -> 6795.603 | J20: =IFERROR(17日!G77,"") -> 117.1 | K20: =IFERROR(17日!K77,"") -> 142.10526 | L20: =IFERROR(17日!O77,"") -> -25.005263 | M20: =IFERROR(17日!S77,"") -> 2700.3
A21: 18日 | B21: =IFERROR(18日!G75,"") -> 97.989 | C21: =IFERROR(18日!K75,"") -> 110.97744 | D21: =IFERROR(18日!O75,"") -> -12.988444 | E21: =IFERROR(18日!S75,"") -> 947.692 | F21: =IFERROR(18日!G76,"") -> 422.673 | G21: =IFERROR(18日!K76,"") -> 408.82852 | H21: =IFERROR(18日!O76,"") -> 13.844477 | I21: =IFERROR(18日!S76,"") -> 7218.276 | J21: =IFERROR(18日!G77,"") -> 104.3 | K21: =IFERROR(18日!K77,"") -> 142.10526 | L21: =IFERROR(18日!O77,"") -> -37.805263 | M21: =IFERROR(18日!S77,"") -> 2804.6
A22: 19日 | B22: =IFERROR(19日!G75,"") -> 117.942 | C22: =IFERROR(19日!K75,"") -> 110.97744 | D22: =IFERROR(19日!O75,"") -> 6.9645564 | E22: =IFERROR(19日!S75,"") -> 1065.634 | F22: =IFERROR(19日!G76,"") -> 325.703 | G22: =IFERROR(19日!K76,"") -> 408.82852 | H22: =IFERROR(19日!O76,"") -> -83.125523 | I22: =IFERROR(19日!S76,"") -> 7543.979 | J22: =IFERROR(19日!G77,"") -> 52.3 | K22: =IFERROR(19日!K77,"") -> 142.10526 | L22: =IFERROR(19日!O77,"") -> -89.805263 | M22: =IFERROR(19日!S77,"") -> 2856.9
A23: 20日 | B23: =IFERROR(20日!G75,"") -> 153.551 | C23: =IFERROR(20日!K75,"") -> 110.97744 | D23: =IFERROR(20日!O75,"") -> 42.573556 | E23: =IFERROR(20日!S75,"") -> 1219.185 | F23: =IFERROR(20日!G76,"") -> 483.814 | G23: =IFERROR(20日!K76,"") -> 408.82852 | H23: =IFERROR(20日!O76,"") -> 74.985477 | I23: =IFERROR(20日!S76,"") -> 8027.793 | J23: =IFERROR(20日!G77,"") -> 141.3 | K23: =IFERROR(20日!K77,"") -> 142.10526 | L23: =IFERROR(20日!O77,"") -> -0.80526316 | M23: =IFERROR(20日!S77,"") -> 2998.2
A24: 21日 | B24: =IFERROR(21日!G75,"") -> 115.176 | C24: =IFERROR(21日!K75,"") -> 110.97744 | D24: =IFERROR(21日!O75,"") -> 4.1985564 | E24: =IFERROR(21日!S75,"") -> 1334.361 | F24: =IFERROR(21日!G76,"") -> 443.511 | G24: =IFERROR(21日!K76,"") -> 408.82852 | H24: =IFERROR(21日!O76,"") -> 34.682477 | I24: =IFERROR(21日!S76,"") -> 8471.304 | J24: =IFERROR(21日!G77,"") -> 175.8 | K24: =IFERROR(21日!K77,"") -> 142.10526 | L24: =IFERROR(21日!O77,"") -> 33.694737 | M24: =IFERROR(21日!S77,"") -> 3174
A25: 22日 | B25: =IFERROR(22日!G75,"") -> 131.625 | C25: =IFERROR(22日!K75,"") -> 110.97744 | D25: =IFERROR(22日!O75,"") -> 20.647556 | E25: =IFERROR(22日!S75,"") -> 1465.986 | F25: =IFERROR(22日!G76,"") -> 506.771 | G25: =IFERROR(22日!K76,"") -> 408.82852 | H25: =IFERROR(22日!O76,"") -> 97.942477 | I25: =IFERROR(22日!S76,"") -> 8978.075 | J25: =IFERROR(22日!G77,"") -> 177.9 | K25: =IFERROR(22日!K77,"") -> 142.10526 | L25: =IFERROR(22日!O77,"") -> 35.794737 | M25: =IFERROR(22日!S77,"") -> 3351.8
A26: 23日 | B26: =IFERROR(23日!G75,"") -> 101.822 | C26: =IFERROR(23日!K75,"") -> 110.97744 | D26: =IFERROR(23日!O75,"") -> -9.1554436 | E26: =IFERROR(23日!S75,"") -> 1567.808 | F26: =IFERROR(23日!G76,"") -> 412.583 | G26: =IFERROR(23日!K76,"") -> 408.82852 | H26: =IFERROR(23日!O76,"") -> 3.7544771 | I26: =IFERROR(23日!S76,"") -> 9390.658 | J26: =IFERROR(23日!G77,"") -> 178.9 | K26: =IFERROR(23日!K77,"") -> 142.10526 | L26: =IFERROR(23日!O77,"") -> 36.794737 | M26: =IFERROR(23日!S77,"") -> 3530.8
A27: 24日 | B27: =IFERROR(24日!G75,"") -> 105.339 | C27: =IFERROR(24日!K75,"") -> 110.97744 | D27: =IFERROR(24日!O75,"") -> -5.6384436 | E27: =IFERROR(24日!S75,"") -> 1673.147 | F27: =IFERROR(24日!G76,"") -> 265.303 | G27: =IFERROR(24日!K76,"") -> 408.82852 | H27: =IFERROR(24日!O76,"") -> -143.52552 | I27: =IFERROR(24日!S76,"") -> 9655.961 | J27: =IFERROR(24日!G77,"") -> 187.5 | K27: =IFERROR(24日!K77,"") -> 142.10526 | L27: =IFERROR(24日!O77,"") -> 45.394737 | M27: =IFERROR(24日!S77,"") -> 3718.2
A28: 25日 | B28: =IFERROR(25日!G75,"") -> 89.6 | C28: =IFERROR(25日!K75,"") -> 110.97744 | D28: =IFERROR(25日!O75,"") -> -21.377444 | E28: =IFERROR(25日!S75,"") -> 1762.747 | F28: =IFERROR(25日!G76,"") -> 392.523 | G28: =IFERROR(25日!K76,"") -> 408.82852 | H28: =IFERROR(25日!O76,"") -> -16.305523 | I28: =IFERROR(25日!S76,"") -> 10048.484 | J28: =IFERROR(25日!G77,"") -> 142.9 | K28: =IFERROR(25日!K77,"") -> 142.10526 | L28: =IFERROR(25日!O77,"") -> 0.79473684 | M28: =IFERROR(25日!S77,"") -> 3861
A29: 26日 | B29: =IFERROR(26日!G75,"") -> 109.062 | C29: =IFERROR(26日!K75,"") -> 110.97744 | D29: =IFERROR(26日!O75,"") -> -1.9154436 | E29: =IFERROR(26日!S75,"") -> 1871.809 | F29: =IFERROR(26日!G76,"") -> 338.615 | G29: =IFERROR(26日!K76,"") -> 408.82852 | H29: =IFERROR(26日!O76,"") -> -70.213523 | I29: =IFERROR(26日!S76,"") -> 10387.099 | J29: =IFERROR(26日!G77,"") -> 52.9 | K29: =IFERROR(26日!K77,"") -> 142.10526 | L29: =IFERROR(26日!O77,"") -> -89.205263 | M29: =IFERROR(26日!S77,"") -> 3914
A30: 27日 | B30: =IFERROR(27日!G75,"") -> 71.252 | C30: =IFERROR(27日!K75,"") -> 110.97744 | D30: =IFERROR(27日!O75,"") -> -39.725444 | E30: =IFERROR(27日!S75,"") -> 1943.061 | F30: =IFERROR(27日!G76,"") -> 365.188 | G30: =IFERROR(27日!K76,"") -> 408.82852 | H30: =IFERROR(27日!O76,"") -> -43.640523 | I30: =IFERROR(27日!S76,"") -> 10752.287 | J30: =IFERROR(27日!G77,"") -> 26.8 | K30: =IFERROR(27日!K77,"") -> 142.10526 | L30: =IFERROR(27日!O77,"") -> -115.30526 | M30: =IFERROR(27日!S77,"") -> 3941
A31: 28日 | B31: =IFERROR(28日!G75,"") -> 133.874 | C31: =IFERROR(28日!K75,"") -> 110.97744 | D31: =IFERROR(28日!O75,"") -> 22.896556 | E31: =IFERROR(28日!S75,"") -> 2076.935 | F31: =IFERROR(28日!G76,"") -> 389.888 | G31: =IFERROR(28日!K76,"") -> 408.82852 | H31: =IFERROR(28日!O76,"") -> -18.940523 | I31: =IFERROR(28日!S76,"") -> 11142.175 | J31: =IFERROR(28日!G77,"") -> 156.3 | K31: =IFERROR(28日!K77,"") -> 142.10526 | L31: =IFERROR(28日!O77,"") -> 14.194737 | M31: =IFERROR(28日!S77,"") -> 4097.1
A32: 29日 | B32: =IFERROR(29日!G75,"") -> 128.219 | C32: =IFERROR(29日!K75,"") -> 110.97744 | D32: =IFERROR(29日!O75,"") -> 17.241556 | E32: =IFERROR(29日!S75,"") -> 2205.154 | F32: =IFERROR(29日!G76,"") -> 451.55 | G32: =IFERROR(29日!K76,"") -> 408.82852 | H32: =IFERROR(29日!O76,"") -> 42.721477 | I32: =IFERROR(29日!S76,"") -> 11593.725 | J32: =IFERROR(29日!G77,"") -> 121.9 | K32: =IFERROR(29日!K77,"") -> 142.10526 | L32: =IFERROR(29日!O77,"") -> -20.205263 | M32: =IFERROR(29日!S77,"") -> 4219.1
A33: 30日 | B33: =IFERROR(30日!G75,"") -> 105.724 | C33: =IFERROR(30日!K75,"") -> 110.97744 | D33: =IFERROR(30日!O75,"") -> -5.2534436 | E33: =IFERROR(30日!S75,"") -> 2310.878 | F33: =IFERROR(30日!G76,"") -> 519.389 | G33: =IFERROR(30日!K76,"") -> 408.82852 | H33: =IFERROR(30日!O76,"") -> 110.56048 | I33: =IFERROR(30日!S76,"") -> 12113.114 | J33: =IFERROR(30日!G77,"") -> 132.9 | K33: =IFERROR(30日!K77,"") -> 142.10526 | L33: =IFERROR(30日!O77,"") -> -9.2052632 | M33: =IFERROR(30日!S77,"") -> 4352
A34: 31日 | B34: =IFERROR(31日!G75,"") -> 108.709 | C34: =IFERROR(31日!K75,"") -> 110.97744 | D34: =IFERROR(31日!O75,"") -> -2.2684436 | E34: =IFERROR(31日!S75,"") -> 2419.587 | F34: =IFERROR(31日!G76,"") -> 380.734 | G34: =IFERROR(31日!K76,"") -> 408.82852 | H34: =IFERROR(31日!O76,"") -> -28.094523 | I34: =IFERROR(31日!S76,"") -> 12493.848 | J34: =IFERROR(31日!G77,"") -> 192.2 | K34: =IFERROR(31日!K77,"") -> 142.10526 | L34: =IFERROR(31日!O77,"") -> 50.094737 | M34: =IFERROR(31日!S77,"") -> 4544
A35: 合計/平均 | B35: =SUM(B4:B34) -> 2419.587 | C35: =SUM(C4:C34) -> 2441.4812 | D35: =SUM(D4:D34) -> -21.894203 | F35: =SUM(F4:F34) -> 12493.848 | G35: =SUM(G4:G34) -> 12673.684 | H35: =SUM(H4:H34) -> -179.83621 | J35: =SUM(J4:J34) -> 4544.3 | K35: =SUM(K4:K34) -> 4405.2632 | L35: =SUM(L4:L34) -> 139.03684

Sheet 損紙発生量合計_月次
A1: （５）損紙発生量合計 月次集計
A2: データ出典: 各日シート（1日～31日）へのリンク数式。数値は元シートの値がそのまま反映されます。
A3: 日 | B3: 5CR 停止時間(hr) | C3: 5CR 製品待ち時間(hr) | D3: 5CR サイドラン損紙 実績(kg) | E3: 5CR サイドラン損紙 累計(kg) | F3: 5CR 発生損紙 実績(kg) | G3: 5CR 発生損紙 累計(kg) | H3: 既設 サイドラン損紙 実績(kg) | I3: 既設 サイドラン損紙 累計(kg) | J3: 既設 発生損紙 実績(kg) | K3: 既設 発生損紙 累計(kg)
A4: 1日 | B4: =IFERROR(1日!AO4*24,"") -> 1.3333333 | C4: =IFERROR(1日!AR4*24,"") -> 0 | D4: =IFERROR(1日!AX4,"") -> 0 | E4: =SUM($D$4:D4) -> 0 | F4: =IFERROR(1日!BF4,"") -> 36637 | G4: =SUM($F$4:F4) -> 36637 | H4: =IFERROR(1日!BO4,"") -> 0 | I4: =SUM($H$4:H4) -> 0 | J4: =IFERROR(1日!BW4,"") -> 0 | K4: =SUM($J$4:J4) -> 0
A5: 2日 | B5: =IFERROR(2日!AO4*24,"") -> 1.9166667 | C5: =IFERROR(2日!AR4*24,"") -> 0 | D5: =IFERROR(2日!AX4,"") -> 0 | E5: =SUM($D$4:D5) -> 0 | F5: =IFERROR(2日!BF4,"") -> 11651 | G5: =SUM($F$4:F5) -> 48288 | H5: =IFERROR(2日!BO4,"") -> 0 | I5: =SUM($H$4:H5) -> 0 | J5: =IFERROR(2日!BW4,"") -> 0 | K5: =SUM($J$4:J5) -> 0
A6: 3日 | B6: =IFERROR(3日!AO4*24,"") -> 1.6666667 | C6: =IFERROR(3日!AR4*24,"") -> 0 | D6: =IFERROR(3日!AX4,"") -> 0 | E6: =SUM($D$4:D6) -> 0 | F6: =IFERROR(3日!BF4,"") -> 4745 | G6: =SUM($F$4:F6) -> 53033 | H6: =IFERROR(3日!BO4,"") -> 0 | I6: =SUM($H$4:H6) -> 0 | J6: =IFERROR(3日!BW4,"") -> 0 | K6: =SUM($J$4:J6) -> 0
A7: 4日 | B7: =IFERROR(4日!AO4*24,"") -> 2 | C7: =IFERROR(4日!AR4*24,"") -> 1.8333333 | D7: =IFERROR(4日!AX4,"") -> 0 | E7: =SUM($D$4:D7) -> 0 | F7: =IFERROR(4日!BF4,"") -> 5839 | G7: =SUM($F$4:F7) -> 58872 | H7: =IFERROR(4日!BO4,"") -> 0 | I7: =SUM($H$4:H7) -> 0 | J7: =IFERROR(4日!BW4,"") -> 0 | K7: =SUM($J$4:J7) -> 0
A8: 5日 | B8: =IFERROR(5日!AO4*24,"") -> 1 | C8: =IFERROR(5日!AR4*24,"") -> 0 | D8: =IFERROR(5日!AX4,"") -> 0 | E8: =SUM($D$4:D8) -> 0 | F8: =IFERROR(5日!BF4,"") -> 9280 | G8: =SUM($F$4:F8) -> 68152 | H8: =IFERROR(5日!BO4,"") -> 0 | I8: =SUM($H$4:H8) -> 0 | J8: =IFERROR(5日!BW4,"") -> 0 | K8: =SUM($J$4:J8) -> 0
A9: 6日 | B9: =IFERROR(6日!AO4*24,"") -> 2 | C9: =IFERROR(6日!AR4*24,"") -> 0 | D9: =IFERROR(6日!AX4,"") -> 0 | E9: =SUM($D$4:D9) -> 0 | F9: =IFERROR(6日!BF4,"") -> 25802 | G9: =SUM($F$4:F9) -> 93954 | H9: =IFERROR(6日!BO4,"") -> 0 | I9: =SUM($H$4:H9) -> 0 | J9: =IFERROR(6日!BW4,"") -> 1200 | K9: =SUM($J$4:J9) -> 1200
A10: 7日 | B10: =IFERROR(7日!AO4*24,"") -> 1.3333333 | C10: =IFERROR(7日!AR4*24,"") -> 0 | D10: =IFERROR(7日!AX4,"") -> 0 | E10: =SUM($D$4:D10) -> 0 | F10: =IFERROR(7日!BF4,"") -> 19776 | G10: =SUM($F$4:F10) -> 113730 | H10: =IFERROR(7日!BO4,"") -> 0 | I10: =SUM($H$4:H10) -> 0 | J10: =IFERROR(7日!BW4,"") -> 600 | K10: =SUM($J$4:J10) -> 1800
A11: 8日 | B11: =IFERROR(8日!AO4*24,"") -> 0.66666667 | C11: =IFERROR(8日!AR4*24,"") -> 0 | D11: =IFERROR(8日!AX4,"") -> 0 | E11: =SUM($D$4:D11) -> 0 | F11: =IFERROR(8日!BF4,"") -> 23701 | G11: =SUM($F$4:F11) -> 137431 | H11: =IFERROR(8日!BO4,"") -> 0 | I11: =SUM($H$4:H11) -> 0 | J11: =IFERROR(8日!BW4,"") -> 0 | K11: =SUM($J$4:J11) -> 1800
A12: 9日 | B12: =IFERROR(9日!AO4*24,"") -> 0.66666667 | C12: =IFERROR(9日!AR4*24,"") -> 0 | D12: =IFERROR(9日!AX4,"") -> 10332 | E12: =SUM($D$4:D12) -> 10332 | F12: =IFERROR(9日!BF4,"") -> 25457 | G12: =SUM($F$4:F12) -> 162888 | H12: =IFERROR(9日!BO4,"") -> 0 | I12: =SUM($H$4:H12) -> 0 | J12: =IFERROR(9日!BW4,"") -> 1200 | K12: =SUM($J$4:J12) -> 3000
A13: 10日 | B13: =IFERROR(10日!AO4*24,"") -> 1.3333333 | C13: =IFERROR(10日!AR4*24,"") -> 1.1666667 | D13: =IFERROR(10日!AX4,"") -> 4587 | E13: =SUM($D$4:D13) -> 14919 | F13: =IFERROR(10日!BF4,"") -> 25706 | G13: =SUM($F$4:F13) -> 188594 | H13: =IFERROR(10日!BO4,"") -> 0 | I13: =SUM($H$4:H13) -> 0 | J13: =IFERROR(10日!BW4,"") -> 0 | K13: =SUM($J$4:J13) -> 3000
A14: 11日 | B14: =IFERROR(11日!AO4*24,"") -> 0 | C14: =IFERROR(11日!AR4*24,"") -> 0 | D14: =IFERROR(11日!AX4,"") -> 0 | E14: =SUM($D$4:D14) -> 14919 | F14: =IFERROR(11日!BF4,"") -> 12094 | G14: =SUM($F$4:F14) -> 200688 | H14: =IFERROR(11日!BO4,"") -> 0 | I14: =SUM($H$4:H14) -> 0 | J14: =IFERROR(11日!BW4,"") -> 2747 | K14: =SUM($J$4:J14) -> 5747
A15: 12日 | B15: =IFERROR(12日!AO4*24,"") -> 0 | C15: =IFERROR(12日!AR4*24,"") -> 0 | D15: =IFERROR(12日!AX4,"") -> 0 | E15: =SUM($D$4:D15) -> 14919 | F15: =IFERROR(12日!BF4,"") -> 21646 | G15: =SUM($F$4:F15) -> 222334 | H15: =IFERROR(12日!BO4,"") -> 0 | I15: =SUM($H$4:H15) -> 0 | J15: =IFERROR(12日!BW4,"") -> 754 | K15: =SUM($J$4:J15) -> 6501
A16: 13日 | B16: =IFERROR(13日!AO4*24,"") -> 2.3333333 | C16: =IFERROR(13日!AR4*24,"") -> 0 | D16: =IFERROR(13日!AX4,"") -> 0 | E16: =SUM($D$4:D16) -> 14919 | F16: =IFERROR(13日!BF4,"") -> 21817 | G16: =SUM($F$4:F16) -> 244151 | H16: =IFERROR(13日!BO4,"") -> 0 | I16: =SUM($H$4:H16) -> 0 | J16: =IFERROR(13日!BW4,"") -> 11419 | K16: =SUM($J$4:J16) -> 17920
A17: 14日 | B17: =IFERROR(14日!AO4*24,"") -> 1.6666667 | C17: =IFERROR(14日!AR4*24,"") -> 0 | D17: =IFERROR(14日!AX4,"") -> 0 | E17: =SUM($D$4:D17) -> 14919 | F17: =IFERROR(14日!BF4,"") -> 33999 | G17: =SUM($F$4:F17) -> 278150 | H17: =IFERROR(14日!BO4,"") -> 0 | I17: =SUM($H$4:H17) -> 0 | J17: =IFERROR(14日!BW4,"") -> 1200 | K17: =SUM($J$4:J17) -> 19120
A18: 15日 | B18: =IFERROR(15日!AO4*24,"") -> 0.33333333 | C18: =IFERROR(15日!AR4*24,"") -> 0 | D18: =IFERROR(15日!AX4,"") -> 0 | E18: =SUM($D$4:D18) -> 14919 | F18: =IFERROR(15日!BF4,"") -> 9734 | G18: =SUM($F$4:F18) -> 287884 | H18: =IFERROR(15日!BO4,"") -> 0 | I18: =SUM($H$4:H18) -> 0 | J18: =IFERROR(15日!BW4,"") -> 6012 | K18: =SUM($J$4:J18) -> 25132
A19: 16日 | B19: =IFERROR(16日!AO4*24,"") -> 1 | C19: =IFERROR(16日!AR4*24,"") -> 0 | D19: =IFERROR(16日!AX4,"") -> 0 | E19: =SUM($D$4:D19) -> 14919 | F19: =IFERROR(16日!BF4,"") -> 31828 | G19: =SUM($F$4:F19) -> 319712 | H19: =IFERROR(16日!BO4,"") -> 0 | I19: =SUM($H$4:H19) -> 0 | J19: =IFERROR(16日!BW4,"") -> 8652 | K19: =SUM($J$4:J19) -> 33784
A20: 17日 | B20: =IFERROR(17日!AO4*24,"") -> 2.6666667 | C20: =IFERROR(17日!AR4*24,"") -> 0 | D20: =IFERROR(17日!AX4,"") -> 0 | E20: =SUM($D$4:D20) -> 14919 | F20: =IFERROR(17日!BF4,"") -> 25660 | G20: =SUM($F$4:F20) -> 345372 | H20: =IFERROR(17日!BO4,"") -> 0 | I20: =SUM($H$4:H20) -> 0 | J20: =IFERROR(17日!BW4,"") -> 7586 | K20: =SUM($J$4:J20) -> 41370
A21: 18日 | B21: =IFERROR(18日!AO4*24,"") -> 0.66666667 | C21: =IFERROR(18日!AR4*24,"") -> 0 | D21: =IFERROR(18日!AX4,"") -> 0 | E21: =SUM($D$4:D21) -> 14919 | F21: =IFERROR(18日!BF4,"") -> 28384 | G21: =SUM($F$4:F21) -> 373756 | H21: =IFERROR(18日!BO4,"") -> 0 | I21: =SUM($H$4:H21) -> 0 | J21: =IFERROR(18日!BW4,"") -> 11244 | K21: =SUM($J$4:J21) -> 52614
A22: 19日 | B22: =IFERROR(19日!AO4*24,"") -> 1 | C22: =IFERROR(19日!AR4*24,"") -> 0 | D22: =IFERROR(19日!AX4,"") -> 0 | E22: =SUM($D$4:D22) -> 14919 | F22: =IFERROR(19日!BF4,"") -> 27538 | G22: =SUM($F$4:F22) -> 401294 | H22: =IFERROR(19日!BO4,"") -> 0 | I22: =SUM($H$4:H22) -> 0 | J22: =IFERROR(19日!BW4,"") -> 4789 | K22: =SUM($J$4:J22) -> 57403
A23: 20日 | B23: =IFERROR(20日!AO4*24,"") -> 0.33333333 | C23: =IFERROR(20日!AR4*24,"") -> 0 | D23: =IFERROR(20日!AX4,"") -> 0 | E23: =SUM($D$4:D23) -> 14919 | F23: =IFERROR(20日!BF4,"") -> 4532 | G23: =SUM($F$4:F23) -> 405826 | H23: =IFERROR(20日!BO4,"") -> 0 | I23: =SUM($H$4:H23) -> 0 | J23: =IFERROR(20日!BW4,"") -> 5140 | K23: =SUM($J$4:J23) -> 62543
A24: 21日 | B24: =IFERROR(21日!AO4*24,"") -> 0.66666667 | C24: =IFERROR(21日!AR4*24,"") -> 0 | D24: =IFERROR(21日!AX4,"") -> 0 | E24: =SUM($D$4:D24) -> 14919 | F24: =IFERROR(21日!BF4,"") -> 17017 | G24: =SUM($F$4:F24) -> 422843 | H24: =IFERROR(21日!BO4,"") -> 0 | I24: =SUM($H$4:H24) -> 0 | J24: =IFERROR(21日!BW4,"") -> 6356 | K24: =SUM($J$4:J24) -> 68899
A25: 22日 | B25: =IFERROR(22日!AO4*24,"") -> 0.66666667 | C25: =IFERROR(22日!AR4*24,"") -> 0 | D25: =IFERROR(22日!AX4,"") -> 0 | E25: =SUM($D$4:D25) -> 14919 | F25: =IFERROR(22日!BF4,"") -> 23292 | G25: =SUM($F$4:F25) -> 446135 | H25: =IFERROR(22日!BO4,"") -> 0 | I25: =SUM($H$4:H25) -> 0 | J25: =IFERROR(22日!BW4,"") -> 6000 | K25: =SUM($J$4:J25) -> 74899
A26: 23日 | B26: =IFERROR(23日!AO4*24,"") -> 0.66666667 | C26: =IFERROR(23日!AR4*24,"") -> 0 | D26: =IFERROR(23日!AX4,"") -> 0 | E26: =SUM($D$4:D26) -> 14919 | F26: =IFERROR(23日!BF4,"") -> 14415 | G26: =SUM($F$4:F26) -> 460550 | H26: =IFERROR(23日!BO4,"") -> 0 | I26: =SUM($H$4:H26) -> 0 | J26: =IFERROR(23日!BW4,"") -> 11619 | K26: =SUM($J$4:J26) -> 86518
A27: 24日 | B27: =IFERROR(24日!AO4*24,"") -> 1.5833333 | C27: =IFERROR(24日!AR4*24,"") -> 3.5 | D27: =IFERROR(24日!AX4,"") -> 0 | E27: =SUM($D$4:D27) -> 14919 | F27: =IFERROR(24日!BF4,"") -> 47698 | G27: =SUM($F$4:F27) -> 508248 | H27: =IFERROR(24日!BO4,"") -> 0 | I27: =SUM($H$4:H27) -> 0 | J27: =IFERROR(24日!BW4,"") -> 8239 | K27: =SUM($J$4:J27) -> 94757
A28: 25日 | B28: =IFERROR(25日!AO4*24,"") -> 1.3333333 | C28: =IFERROR(25日!AR4*24,"") -> 0 | D28: =IFERROR(25日!AX4,"") -> 0 | E28: =SUM($D$4:D28) -> 14919 | F28: =IFERROR(25日!BF4,"") -> 35896 | G28: =SUM($F$4:F28) -> 544144 | H28: =IFERROR(25日!BO4,"") -> 0 | I28: =SUM($H$4:H28) -> 0 | J28: =IFERROR(25日!BW4,"") -> 7880 | K28: =SUM($J$4:J28) -> 102637
A29: 26日 | B29: =IFERROR(26日!AO4*24,"") -> 1.3333333 | C29: =IFERROR(26日!AR4*24,"") -> 0 | D29: =IFERROR(26日!AX4,"") -> 0 | E29: =SUM($D$4:D29) -> 14919 | F29: =IFERROR(26日!BF4,"") -> 34180 | G29: =SUM($F$4:F29) -> 578324 | H29: =IFERROR(26日!BO4,"") -> 0 | I29: =SUM($H$4:H29) -> 0 | J29: =IFERROR(26日!BW4,"") -> 10590 | K29: =SUM($J$4:J29) -> 113227
A30: 27日 | B30: =IFERROR(27日!AO4*24,"") -> 0.33333333 | C30: =IFERROR(27日!AR4*24,"") -> 0 | D30: =IFERROR(27日!AX4,"") -> 0 | E30: =SUM($D$4:D30) -> 14919 | F30: =IFERROR(27日!BF4,"") -> 37592 | G30: =SUM($F$4:F30) -> 615916 | H30: =IFERROR(27日!BO4,"") -> 0 | I30: =SUM($H$4:H30) -> 0 | J30: =IFERROR(27日!BW4,"") -> 12803 | K30: =SUM($J$4:J30) -> 126030
A31: 28日 | B31: =IFERROR(28日!AO4*24,"") -> 0.66666667 | C31: =IFERROR(28日!AR4*24,"") -> 0 | D31: =IFERROR(28日!AX4,"") -> 0 | E31: =SUM($D$4:D31) -> 14919 | F31: =IFERROR(28日!BF4,"") -> 34050 | G31: =SUM($F$4:F31) -> 649966 | H31: =IFERROR(28日!BO4,"") -> 0 | I31: =SUM($H$4:H31) -> 0 | J31: =IFERROR(28日!BW4,"") -> 13550 | K31: =SUM($J$4:J31) -> 139580
A32: 29日 | B32: =IFERROR(29日!AO4*24,"") -> 0.66666667 | C32: =IFERROR(29日!AR4*24,"") -> 0 | D32: =IFERROR(29日!AX4,"") -> 0 | E32: =SUM($D$4:D32) -> 14919 | F32: =IFERROR(29日!BF4,"") -> 37054 | G32: =SUM($F$4:F32) -> 687020 | H32: =IFERROR(29日!BO4,"") -> 0 | I32: =SUM($H$4:H32) -> 0 | J32: =IFERROR(29日!BW4,"") -> 5188 | K32: =SUM($J$4:J32) -> 144768
A33: 30日 | B33: =IFERROR(30日!AO4*24,"") -> 0.66666667 | C33: =IFERROR(30日!AR4*24,"") -> 0 | D33: =IFERROR(30日!AX4,"") -> 0 | E33: =SUM($D$4:D33) -> 14919 | F33: =IFERROR(30日!BF4,"") -> 22155 | G33: =SUM($F$4:F33) -> 709175 | H33: =IFERROR(30日!BO4,"") -> 0 | I33: =SUM($H$4:H33) -> 0 | J33: =IFERROR(30日!BW4,"") -> 8592 | K33: =SUM($J$4:J33) -> 153360
A34: 31日 | B34: =IFERROR(31日!AO4*24,"") -> 1.6666667 | C34: =IFERROR(31日!AR4*24,"") -> 0 | D34: =IFERROR(31日!AX4,"") -> 322 | E34: =SUM($D$4:D34) -> 15241 | F34: =IFERROR(31日!BF4,"") -> 40808 | G34: =SUM($F$4:F34) -> 749983 | H34: =IFERROR(31日!BO4,"") -> 0 | I34: =SUM($H$4:H34) -> 0 | J34: =IFERROR(31日!BW4,"") -> 8141 | K34: =SUM($J$4:J34) -> 161501
A35: 合計/平均 | B35: =SUM(B4:B34) -> 34.166667 | C35: =SUM(C4:C34) -> 6.5 | D35: =SUM(D4:D34) -> 15241 | F35: =SUM(F4:F34) -> 749983 | H35: =SUM(H4:H34) -> 0 | J35: =SUM(J4:J34) -> 161501

Sheet 1日
E1: 仕上操業報告書 | AV1: （５）損紙発生量合計 | CL1: 日本製紙岩国サポート(株）
B2: （１）５C/Rワインダー | N2: C/R前：(巻） | S2: 11 | U2: 本、(平） | X2: 3 | Z2: 本 | AC2: W/D前：(巻） | AH2: 2 | AJ2: 本、(平） | AM2: 3 | AO2: 本、(保） | AR2: 0 | AT2: 本 | AV2: 5CR | BM2: 既設 | CC2: 2026 | CG2: 7 | CI2: 月 | CK2: =VALUE(SUBSTITUTE(MID(CELL("filename",$A$1),FIND("]",CELL("filename",$A$1))+1,LEN(CELL("filename",$A$1))),"日","")) -> 1 | CM2: 日
B3: 号機 | D3: 処理量 | G3: 累計 | K3: 原反残 | N3: 巾替 | P3: 銘柄・坪量 | AB3: 欠数 | AD3: 欠品本数・理由 | AL3: 欠累計 | AO3: 停止時間 | AR3: 製品待ち時間 | AV3: サイドラン損紙 | BD3: 発生損紙 | BM3: サイドラン損紙 | BU3: 発生損紙
B4: ＃１ | D4: 198.953 | G4: 198.953 | K4: C/R前 | N4: 2 | P4: N-33 b７トラネクスト 83ｇ | AB4: 11 | AD4: 前工程起因多発順 | AJ4: 本数 | AL4: 34 | AO4: 0.055555556 | AR4: 0 | AV4: 実績 | AX4: =AF14 -> 0 | BD4: 実績 | BF4: =P14+AD41+AN43+AE65+BR8 -> 36637 | BM4: 実績 | BO4: =BQ27+CL47 -> 0 | BU4: 実績 | BW4: =BA27+BK47+BX47+CH55+BY72+BR17 -> 0
K5: 14 | P5: N-01 b７トラネクスト 100ｇ | AB5: 23 | AD5: ① | AF5: 黒スジ | AJ5: 22 | AV5: 累計 | AX5: =SUM(1日!AX4) -> 0 | BD5: 累計 | BF5: =SUM(1日!BF4) -> 36637 | BM5: 累計 | BO5: =SUM(1日!BO4) -> 0 | BU5: 累計 | BW5: =SUM(1日!BW4) -> 0
AD6: ② | AF6: 汚れ | AJ6: 13 | AV6: （６）巻取包装
AD7: ③ | AF7: サビ | AJ7: 4 | AV7: 号機 | AZ7: 平均処理量 | BD7: 処理量 | BI7: 累計 | BN7: 停止時間 | BR7: 損紙発生量 | BV7: 【備考欄】
F8: ｔ | J8: ｔ | M8: 本 | O8: 回 | AD8: その他 | AF8: P、S、虫、他 | AJ8: 15 | AL8: 34 | AN8: 本 | AQ8: hr | AT8: hr | AV8: ５C/R | AZ8: 450 | BD8: 535 | BI8: 535 | BN8: 0 | BR8: 0
B9: ＃２ | D9: 179.365 | G9: 179.365 | K9: W/D前 | N9: 2 | P9: N-33 b７トラネクスト 83ｇ | AB9: 13 | AD9: W/D起因多発順 | AJ9: 本数 | AL9: 20 | AO9: 0.041666667 | AR9: 0.034722222 | BC9: 本 | BH9: 本 | BM9: 本 | BQ9: hr | BU9: kg
K10: 製 | L10: 5 | P10: N-01 b７トラネクスト 100ｇ | AB10: 7 | AD10: ①
K11: 保 | L11: 0 | AD11: ② | AV11: ８M/C | AZ11: 450 | BD11: 0 | BI11: 0 | BN11: 0 | BR11: 0 | BV11: 長期休転
K12: 計 | AD12: ③ | BC12: 本 | BH12: 本 | BM12: 本 | BQ12: hr | BU12: kg | BV12: 予加圧加圧ｼﾘﾝﾀﾞｰ裏側修理【完了】 9:00～10:00 (1H)
F13: ｔ | J13: t | K13: 5 | M13: 本 | O13: 回 | AD13: その他 | AL13: 20 | AN13: 本 | AQ13: hr | AT13: hr
B14: 合計 | D14: 378.318 | F14: t | G14: 378.318 | J14: t | K14: 損紙 | N14: 巻取 | P14: 34237 | T14: kg | U14: 累計 | W14: 34237 | AA14: kg | AB14: サイドラン | AF14: 0 | AJ14: 受入量 | AM14: 420 | AO14: ｔ | AP14: 歩留 | AR14: 90.075714 | AT14: % | AV14: ９M/C | AZ14: 780 | BD14: 0 | BI14: 0 | BN14: 0 | BR14: 0 | BV14: 長期休転
B15: ＃1W/D | AH15: J・P補修本数 | AL15: 巻取量（ｔ） | AP15: 累計 | BC15: 本 | BH15: 本 | BM15: 本 | BQ15: hr | BU15: kg | BV15: ﾄﾚｺﾝｼｬｯﾀｰ修理 【未完】 8:30～11:00 (1.5H)
AH16: 2 | AL16: 316.3 | AP16: 316.3
B17: ＃2W/D | F17: 製品待ち 0：55～1：45 50M | AH17: 補修率 | AL17: 平判量（ｔ） | AP17: 累計 | AV17: 既設 | BD17: 0 | BI17: 0 | BN17: 0 | BR17: 0
AH18: 0.37453184 | AL18: 62.018 | AP18: 62.018 | BH18: 本 | BM18: 本 | BQ18: hr | BU18: kg
K19: ワインダー処理本数 | Q19: 25 | T19: 本 | W19: 欠陥数 | Z19: J | AB19: 0 | AD19: P | AF19: 12 | AH19: S | AJ19: 2 | AL19: 他 | AN19: 58 | AP19: 合計 | AR19: 72
B20: （２）５C/Rカッター・平包 | AP20: 累計 | AR20: 72 | AV20: （７）4C/Rワインダー | BZ20: W/D前：(巻） | CE20: 0 | CG20: 本、(平） | CJ20: 0 | CL20: 本
B21: 号機 | D21: 平均 処理量 | F21: 処理量 | I21: 累計 | L21: 原反残 | O21: 寸法替 | P21: 枠替 | Q21: (A) | Y21: (B) | AG21: （C) | AO21: 停止時間 | AR21: 製品待ち時間 | AV21: 号機 | AX21: 処理量 | BA21: 累計 | BE21: 原反残 | BH21: 巾替 | BJ21: 銘柄・坪量 | BX21: 欠品本数・理由 | CF21: 欠累計 | CI21: 停止時間 | CL21: 製品待ち時間
Q22: 7 | V22: 12 | Y22: 15 | AB22: 18 | AG22: 23 | AK22: 3 | AV22: ＃１ | AX22: 0 | BA22: 0 | BE22: W/D前 | BH22: 0 | BX22: 前工程起因多発順 | CD22: 本数 | CF22: 0 | CI22: 0 | CL22: 0.29166667
B23: 1S/C | D23: 50 | F23: 31.3 | I23: 31.3 | L23: 系外 | O23: 2 | P23: 5 | Y23: M | AM23: M | AO23: 0.7778 | AR23: 0 | BE23: 製 | BF23: 0 | BX23: ①
L24: 0 | Q24: 停止7～15 | Y24: b7 | AG24: 停止23～6 | AM24: b7 | BE24: 保 | BF24: 0 | BX24: ②
BE25: 計 | BX25: ③
Y26: 115 | AM26: 100 | AZ26: ｔ | BD26: ｔ | BE26: 0 | BG26: 本 | BI26: 回 | BX26: その他 | CH26: 本 | CK26: hr | CN26: hr
Y27: 4/6 | AM27: B本 | AV27: 損紙 | AX27: 巻取 | BA27: 0 | BE27: kg | BF27: 累計 | BH27: 0 | BL27: kg | BM27: サイドラン | BQ27: 0 | BW27: ㎏ | BX27: W/D起因多発順 | CD27: 本数 | CF27: 受入量 | CH27: 0 | CJ27: t 歩留 | CN27: %
E28: ｔ | H28: ｔ | K28: ｔ | N28: 本 | O28: 回 | P28: 回 | Y28: T3 | AE28: 110ｍ | AM28: T3 | AQ28: hr | BX28: ① | CF28: 巻取重量（ｔ） | CJ28: 累計
B29: ２S/C | D29: 50 | F29: 62.5 | I29: 62.5 | L29: 中間倉庫 | O29: 0 | P29: 9 | AO29: 0.3229 | AR29: 0 | BX29: ② | CF29: 0 | CJ29: 0
L30: 229 | Q30: b7 | S30: b7 | AD30: b7 | BX30: ③ | CF30: その他重量（ｔ） | CJ30: 累計
AV31: ワインダー処理本数 | BB31: 0 | BE31: 本 | BX31: その他 | CF31: 0 | CJ31: 0
Q32: 83 | S32: 100 | AD32: 115 | AV32: （８）既設カッター・平包
Q33: A本 | S33: A本 | AD33: A本 | AV33: 号機 | AX33: 平均 処理量 | AZ33: 処理量 | BC33: 累計 | BF33: 原反残 | BI33: 寸法替 | BJ33: 枠替 | BK33: (A) | BS33: (B) | CA33: （C) | CI33: 停止時間 | CL33: 製品待ち時間
E34: ｔ | H34: ｔ | K34: ｔ | N34: 本 | O34: 回 | P34: 回 | Q34: Y2 | S34: Y2 | W34: 80ｍ | AD34: Y2 | AE34: 80～100～85ｍ | AM34: 85m | AQ34: hr | BK34: 7 | BP34: 12 | BS34: 15 | BV34: 18 | CA34: 23 | CE34: 3
B35: ３S/C | D35: 42 | F35: 26.6 | I35: 26.6 | L35: 損紙 | O35: 0 | P35: 6 | AK35: M | AO35: 0.6354 | AR35: 0 | AV35: 4D/C | AX35: 151 | AZ35: 0 | BC35: 0 | BF35: 総本数 | BI35: 0 | BJ35: 0 | CI35: 0.875 | CL35: 0
L36: 36 | Q36: 停止7～17 | AA36: b7 | AE36: b7 | AK36: b7 | AM36: 停止 | BF36: 0
AM37: 6～7 | BN37: 休転 | BV37: 休転 | CD37: 休転
AA38: 115 | AE38: 115 | AK38: 65
AA39: 4/6 | AE39: 4/6 | AK39: B本
E40: ｔ | H40: ｔ | K40: ｔ | N40: 本 | O40: 回 | P40: 回 | AA40: T2 | AE40: T2 | AF40: 115ｍ | AK40: T2 | AL40: 100m | AQ40: hr | AT40: hr | AY40: ｔ | BB40: ｔ | BE40: ｔ | BH40: 本 | BI40: 回 | BJ40: 回 | BK40: 断裁SP | BN40: 0 | BQ40: m/min | BS40: 断裁SP | BV40: 0 | BY40: m/min | CA40: 断裁SP | CD40: 0 | CG40: m/min | CK40: hr | CN40: hr
B41: 合計 | D41: 142 | F41: 120.4 | I41: 120.4 | L41: 損紙 | P41: パルパー移送量 | T41: 23400 | AA41: kg | AB41: 平判 | AD41: 0 | AI41: kg | AJ41: 損紙カット | AN41: 0 | AT41: kg | AV41: 5D/C | AX41: - | AZ41: 0 | BC41: 0 | BF41: 上質 | BI41: 0 | BJ41: 0 | CI41: 0 | CL41: 0
B42: 号機 | E42: 平均処理量 | J42: 処理量 | O42: 累計 | U42: 包装前台数 | Y42: 寸法替 | AB42: ラベル替 | AE42: ワンプ替 | AH42: 停止時間 | AK42: 製品待ち時間 | AN42: 損紙発生量 | BF42: 0 | BH42: 本
B43: ＃１平包 | E43: 4000 | J43: 2,805 包 (62 t) | O43: 2,805 包 (62 t) | U43: 1 | Y43: 2 | AB43: 0 | AE43: 3 | AH43: 0.069444444 | AK43: 0 | AN43: 0 | BV43: 停止
BF44: コート
B45: ＃２平包 | E45: 4000 | J45: 3,307 包 (50 t) | O45: 3,307 包 (50 t) | Y45: 0 | AB45: 0 | AE45: 1 | AH45: 0.013888889 | AK45: 0 | AS45: kg | BF45: 0 | BH45: 本
AY46: ｔ | BB46: ｔ | BE46: ｔ | BI46: 回 | BJ46: 回 | BK46: 断裁SP | BN46: 0 | BQ46: m/min | BS46: 断裁SP | BV46: 0 | BY46: m/min | CA46: 断裁SP | CD46: 0 | CG46: m/min | CK46: hr | CN46: hr
B47: ＃３平包 | E47: - | J47: 0 包 (0 t) | O47: 0 包 (0 t) | Y47: 0 | AB47: 0 | AE47: 0 | AH47: 0 | AK47: 0 | AV47: 合計 | AX47: 151 | AZ47: 0 | BC47: 0 | BF47: 損紙 | BI47: 上質 | BK47: 0 | BN47: kg | BO47: 累計 | BQ47: 0 | BT47: kg | BU47: コート紙 | BX47: 0 | CA47: kg | CB47: 累計 | CD47: 0 | CG47: kg | CH47: サイドラン | CL47: 0
AV48: 【備考欄】 | AY48: ※長期休転 | CH48: 損紙カット | CL48: 0
B49: 合計 | E49: 8000 | J49: 6,112 包 (112 t) | O49: 6,112 包 (112 t) | U49: 2805 | V49: 0 | X49: 台 | Y49: 回 | AB49: 回 | AE49: 回 | AJ49: hr | AM49: hr
U50: 3307 | CE50: カッター処理本数 | CK50: 0 | CM50: 本
B51: カッタ | Y51: 平包 | AB51: ＃3平包機停止 | AV51: 号機 | AY51: 平均処理量 | BD51: 処理量 | BI51: 累計 | BO51: 包装前台数 | BS51: 寸法替 | BV51: ラベル替 | BY51: ワンプ替 | CB51: 停止時間 | CE51: 製品待ち時間
B52: ・＃3C/Tﾅｲﾌﾎﾙﾀﾞｰ更新工事（旭ﾏｼﾅﾘｰ）8:15～16:00 | Y52: ・#1平包機 T目ﾗﾍﾞﾗｰ吸着ﾊﾞﾙﾌﾞ電磁弁交換（ｼｽﾃﾑ）9:45～12:00 | AV52: ＃１平包 | AY52: 4900 | BC52: 包 | BD52: 0 包 (0 t) | BI52: 0 包 (0 t) | BO52: 0 | BS52: 0 | BV52: 0 | BY52: 0 | CB52: 0 | CE52: 0.875
AP54: AGF4号車休車 | AV54: 0 | AW54: 0 | AY54: 0 | AZ54: 0 | BS54: 回 | BV54: 回 | BY54: 回 | CD54: hr | CG54: hr | CH54: 損紙発生量
AV55: ＃２平包 | AY55: 1000 | BC55: 包 | BD55: 0 包 (0 t) | BI55: 0 包 (0 t) | BS55: 0 | BV55: 0 | BY55: 0 | CB55: 0 | CE55: 0.29166667 | CH55: 0
B56: （３）仕上２Ｇ
B57: 下台数 | F57: 総台数 | J57: 下の比率 | N57: 格付『下』内容 | AV57: 0 | AW57: 0 | AY57: 0 | AZ57: 0 | BO57: 台 | BS57: 回 | BV57: 回 | BY57: 回 | CD57: hr | CG57: hr | CM57: kg
B58: 33 | F58: 216 | J58: 15.277778 | N58: 仕上要因 | AD58: 前工程要因 | AV58: 合計 | AY58: 5900 | BC58: 包 | BD58: 0 包 (0 t) | BI58: 0 包 (0 t) | CO58: 仕上１G | CY58: 仕上2G
N59: つまみ | U59: 2 | AD59: 吸湿ジワ | AL59: 28 | CO59: 仕上要因4位以下合計 | CY59: 仕上要因4位以下合計
N60: 切口不良 | U60: 2 | AV60: ＃１平包 | AZ60: 製品待ち7：00～7：00（21H）・ボルトナット点検 ・ｺﾝﾍﾞﾔ押し釦 変更工事立ち合い・試運転準備・ホットメルトノズル清掃・予備品室整理 | CO60: =BO69+BO70+BW66+BW67+BW68+BW69+BW70 -> 0 | CY60: =U62+U63+AC59+AC60+AC61+AC62+AC63 -> 0
N61: カウンタ不良 | U61: 1 | AV61: ＃２平包 | AZ61: 製品待ち8：00～16：00（7H）・ホットメルトノズル取付け及び作動状態確認 ・包装機養生シート取り外し | CO61: 前工程要因4位以下合計 | CY61: 前工程要因4位以下合計
AZ62: ・ワンプテンションローラー糊落とし・包装機ｻｲｽﾞﾁｪﾝｼﾞ盤原点復帰 | CO62: =CF69+CF70+CN66+CN67+CN68+CN69+CN70 -> 0 | CY62: =AL62+AL63+AT59+AT60+AT61+AT62+AT63 -> 0
B63: 台 | F63: 台 | M63: % | AM63: ウエットストリーク | AT63: 0 | AV63: （９）仕上１Ｇ
G64: 処理数 | K64: 累計 | P64: 未選別台数 | T64: 未仕上台数 | X64: 損紙発生量 | AK64: スキッド包装台数及び入庫重量 | AV64: 下台数 | AZ64: 総台数 | BD64: 下の比率 | BH64: 格付『下』内容
B65: ＃2積替機 | G65: 0 | J65: ｔ | K65: 0 | O65: ｔ | P65: 90 | T65: 114 | X65: 実績 | Y65: 4 | AC65: 台 | AD65: 実績 | AE65: 2400 | AJ65: kg | AK65: スキッド包装台数 | AP65: スキッド包装台数累計 | AV65: 0 | AZ65: 0 | BD65: - | BH65: 仕上要因 | BX65: 前工程要因
AK66: 9 | AP66: 9
B67: ＃2枚数読機 | G67: 0 | J67: ｔ | K67: 0 | O67: ｔ
X68: 累計 | Y68: 4 | AC68: 台 | AD68: 累計 | AE68: 2400 | AJ68: kg | AK68: 入庫重量（ｔ） | AP68: 入庫重量累計
B69: ＃2紙揃機 | G69: 0 | K69: - | AK69: 125 | AP69: 125
J70: 台 | S70: 台 | W70: 台 | AV70: 台 | AZ70: 台 | BG70: %
BA71: 処理数 | BE71: 累計 | BJ71: 未選別台数 | BN71: 未仕上台数 | BR71: 損紙発生量 | CE71: スキッド包装台数及び入庫重量
B72: （４）生産高 | AQ72: 単位: （t） | AV72: ＃1積替機 | BA72: 0 | BD72: ｔ | BE72: 0 | BI72: ｔ | BJ72: 0 | BM72: 台 | BN72: 0 | BQ72: 台 | BR72: 実績 | BS72: 0 | BW72: 台 | BX72: 実績 | BY72: 0 | CD72: kg | CE72: スキッド包装台数 | CJ72: スキッド包装台数累計
G73: =VALUE(SUBSTITUTE(MID(CELL("filename",$A$1),FIND("]",CELL("filename",$A$1))+1,LEN(CELL("filename",$A$1))),"日","")) -> 1 | K73: 生産高 | S73: 累 計 | AE73: 月次計画 (目標) | AM73: 月次計画 | AQ73: 目標対実績 | AV73: ＃1枚数読機 | BA73: 0 | BD73: ｔ | BE73: 0 | BI73: ｔ | CE73: 0 | CJ73: 0
B74: 設備 | G74: 実績 | K74: 計画 | O74: 増減 | S74: 実績 | W74: 計画 | AA74: 差異 | AE74: 数量 | AI74: 日数 | AM74: 数量 | AQ74: 数量 | AV74: ＃1紙揃機 | BA74: 0 | BD74: 台 | BE74: - | BR74: 累計 | BS74: 0 | BW74: 台 | BX74: 累計 | BY74: 0 | CD74: kg | CE74: 入庫重量（ｔ） | CJ74: 入庫重量累計
B75: 既設カッター | G75: =AZ35 -> 0 | K75: =AE75/AI75-111 -> -0.022556391 | O75: =G75-K75 -> 0.022556391 | S75: =BC47 -> 0 | W75: =K75*$G$73 -> -0.022556391 | AA75: =S75-W75 -> 0.022556391 | AE75: =AM75/0.95 -> 2330.5263 | AI75: 21 | AM75: 2214 | AQ75: =S75-AE75 -> -2330.5263 | CE75: 3 | CJ75: 3
B76: ５C/Rワインダー | G76: =D14 -> 378.318 | K76: =AE76/AI76 -> 408.82852 | O76: =G76-K76 -> -30.510523 | S76: =G14 -> 378.318 | W76: =K76*$G$73 -> 408.82852 | AA76: =S76-W76 -> -30.510523 | AE76: =AM76/0.95 -> 12673.684 | AI76: 31 | AM76: 12040 | AQ76: =S76-AE76 -> -12295.366 | AV76: 仕上1G | AZ76: スキッド残：0台（内積上げ：0台） | BR76: 仕上2G | BV76: スキッド残：9台
B77: ５C/Rカッター | G77: =F41 -> 120.4 | K77: =AE77/AI77 -> 142.10526 | O77: =G77-K77 -> -21.705263 | S77: =I41 -> 120.4 | W77: =K77*$G$73 -> 142.10526 | AA77: =S77-W77 -> -21.705263 | AE77: =AM77/0.95 -> 4405.2632 | AI77: 31 | AM77: 4185 | AQ77: =S77-AE77 -> -4284.8632

Sheet 2日
E1: 仕上操業報告書 | AV1: （５）損紙発生量合計 | CL1: 日本製紙岩国サポート(株）
B2: （１）５C/Rワインダー | N2: C/R前：(巻） | S2: 9 | U2: 本、(平） | X2: 2 | Z2: 本 | AC2: W/D前：(巻） | AH2: 0 | AJ2: 本、(平） | AM2: 7 | AO2: 本、(保） | AR2: 0 | AT2: 本 | AV2: 5CR | BM2: 既設 | CC2: =1日!CC2 -> 2026 | CG2: =1日!CG2 -> 7 | CI2: 月 | CK2: =VALUE(SUBSTITUTE(MID(CELL("filename",$A$1),FIND("]",CELL("filename",$A$1))+1,LEN(CELL("filename",$A$1))),"日","")) -> 2 | CM2: 日
B3: 号機 | D3: 処理量 | G3: 累計 | K3: 原反残 | N3: 巾替 | P3: 銘柄・坪量 | AB3: 欠数 | AD3: 欠品本数・理由 | AL3: 欠累計 | AO3: 停止時間 | AR3: 製品待ち時間 | AV3: サイドラン損紙 | BD3: 発生損紙 | BM3: サイドラン損紙 | BU3: 発生損紙
B4: ＃１ | D4: 203.546 | G4: 402.499 | K4: C/R前 | N4: 4 | P4: N-01 b７トラネクスト 100ｇ | AB4: 4 | AD4: 前工程起因多発順 | AJ4: 本数 | AL4: 50 | AO4: 0.079861111 | AR4: 0 | AV4: 実績 | AX4: =AF14 -> 0 | BD4: 実績 | BF4: =P14+AD41+AN43+AE65+BR8 -> 11651 | BM4: 実績 | BO4: =BQ27+CL47 -> 0 | BU4: 実績 | BW4: =BA27+BK47+BX47+CH55+BY72+BR17 -> 0
K5: 11 | P5: N-02 b７トラネクスト 115ｇ | AB5: 12 | AD5: ① | AF5: 黒スジ | AJ5: 3 | AV5: 累計 | AX5: =SUM('1日:2日'!ax4) -> #NAME? | BD5: 累計 | BF5: =SUM('1日:2日'!bf4) -> #NAME? | BM5: 累計 | BO5: =SUM('1日:2日'!bo4) -> #NAME? | BU5: 累計 | BW5: =SUM('1日:2日'!bw4) -> #NAME?
P6: N-03 b７トラネクスト 140ｇ | AD6: ② | AF6: サビ | AJ6: 3 | AV6: （６）巻取包装
AD7: ③ | AF7: 虫 | AJ7: 3 | AV7: 号機 | AZ7: 平均処理量 | BD7: 処理量 | BI7: 累計 | BN7: 停止時間 | BR7: 損紙発生量 | BV7: 【備考欄】
F8: ｔ | J8: ｔ | M8: 本 | O8: 回 | AD8: その他 | AF8: 汚れ､油､P,S,他 | AJ8: 7 | AL8: 16 | AN8: 本 | AQ8: hr | AT8: hr | AV8: ５C/R | AZ8: 450 | BD8: 276 | BI8: 811 | BN8: 0 | BR8: 0 | BV8: 5巻_耳折機円板移動用ﾚｰﾙ修理14:00～15:00 (1H)
B9: ＃２ | D9: 209.281 | G9: 388.646 | K9: W/D前 | N9: 2 | P9: N-01 b７トラネクスト 100ｇ | AD9: W/D起因多発順 | AJ9: 本数 | AL9: 20 | AO9: 0.020833333 | AR9: 0 | BC9: 本 | BH9: 本 | BM9: 本 | BQ9: hr | BU9: kg | BV9: 8巻 | BX9: 長期休転
K10: 製 | L10: 7 | P10: N-03 b７トラネクスト 140ｇ | AD10: ① | BV10: ・包装機試運転 表面糊ﾛｰﾙ反転ｼﾘﾝﾀﾞｰ作動不良
K11: 保 | L11: 0 | P11: N-04 b７トラネクスト 75ｇ | AD11: ② | AV11: ８M/C | AZ11: 450 | BD11: 0 | BI11: 0 | BN11: 0 | BR11: 0 | BV11: ・７/3ｼﾘﾝﾀﾞｰ修理予定 糊ﾛｰﾙｽﾋﾟｺﾝ交換
K12: 計 | AD12: ③ | BC12: 本 | BH12: 本 | BM12: 本 | BQ12: hr | BU12: kg | BV12: 機内清掃、ﾊﾟﾚｯﾄ処分
F13: ｔ | J13: t | K13: 7 | M13: 本 | O13: 回 | AD13: その他 | AL13: 0 | AN13: 本 | AQ13: hr | AT13: hr | BV13: 長期休転 | BZ13: ﾄﾚｺﾝｼｬｯﾀｰ修理8:30～15:00 (6.5H)
B14: 合計 | D14: 412.827 | F14: t | G14: 791.145 | J14: t | K14: 損紙 | N14: 巻取 | P14: 8051 | T14: kg | U14: 累計 | W14: 42288 | AA14: kg | AB14: サイドラン | AF14: 0 | AJ14: 受入量 | AM14: 426 | AO14: ｔ | AP14: 歩留 | AR14: 96.907746 | AT14: % | AV14: ９M/C | AZ14: 780 | BD14: 0 | BI14: 0 | BN14: 0 | BR14: 0 | BV14: ・ | BW14: 9巻 耳折ｼｬﾌﾄ交換11:00～16:00 (5H)【未完】
B15: ＃1W/D | AH15: J・P補修本数 | AL15: 巻取量（ｔ） | AP15: 累計 | BC15: 本 | BH15: 本 | BM15: 本 | BQ15: hr | BU15: kg | BV15: ・ | BW15: 搬送設備給脂13:00～15:30 (2.5H)
AH16: 2 | AL16: 131.7 | AP16: 448 | BV16: ・ | BW16: ﾗﾍﾞﾗｸｯｼｮﾝｼﾘﾝﾀﾞｰ交換11:00～16:00 (5H)【未完】
B17: ＃2W/D | AH17: 補修率 | AL17: 平判量（ｔ） | AP17: 累計 | AV17: 既設 | BD17: 0 | BI17: 0 | BN17: 0 | BR17: 0 | BV17: 直外日
AH18: 0.7 | AL18: 281.127 | AP18: 343.145 | BH18: 本 | BM18: 本 | BQ18: hr | BU18: kg
K19: ワインダー処理本数 | Q19: 26 | T19: 本 | W19: 欠陥数 | Z19: J | AB19: 3 | AD19: P | AF19: 18 | AH19: S | AJ19: 2 | AL19: 他 | AN19: 43 | AP19: 合計 | AR19: 66
B20: （２）５C/Rカッター・平包 | AP20: 累計 | AR20: 138 | AV20: （７）4C/Rワインダー | BZ20: W/D前：(巻） | CE20: 0 | CG20: 本、(平） | CJ20: 0 | CL20: 本
B21: 号機 | D21: 平均 処理量 | F21: 処理量 | I21: 累計 | L21: 原反残 | O21: 寸法替 | P21: 枠替 | Q21: (A) | Y21: (B) | AG21: （C) | AO21: 停止時間 | AR21: 製品待ち時間 | AV21: 号機 | AX21: 処理量 | BA21: 累計 | BE21: 原反残 | BH21: 巾替 | BJ21: 銘柄・坪量 | BX21: 欠品本数・理由 | CF21: 欠累計 | CI21: 停止時間 | CL21: 製品待ち時間
Q22: 7 | V22: 12 | Y22: 15 | AB22: 18 | AG22: 23 | AK22: 3 | AV22: ＃１ | AX22: 0 | BA22: 0 | BE22: W/D前 | BH22: 0 | BX22: 前工程起因多発順 | CD22: 本数 | CF22: 0 | CI22: 0 | CL22: 0
B23: 1S/C | D23: 50 | F23: 28.3 | I23: 59.7 | L23: 系外 | O23: 0 | P23: 3 | AO23: 0.7917 | AR23: 0 | BE23: 製 | BF23: 0 | BX23: ①
L24: 0 | Q24: 停止7～15 | Y24: ｂ7 | AG24: 停止23～7 | BE24: 保 | BF24: 0 | BX24: ②
BE25: 計 | BX25: ③
Y26: 100 | AZ26: ｔ | BD26: ｔ | BE26: 0 | BG26: 本 | BI26: 回 | BX26: その他 | CH26: 本 | CK26: hr | CN26: hr
Y27: B本 | AV27: 損紙 | AX27: 巻取 | BA27: 0 | BE27: kg | BF27: 累計 | BH27: 0 | BL27: kg | BM27: サイドラン | BQ27: 0 | BW27: ㎏ | BX27: W/D起因多発順 | CD27: 本数 | CF27: 受入量 | CH27: 0 | CJ27: t 歩留 | CN27: %
E28: ｔ | H28: ｔ | K28: ｔ | N28: 本 | O28: 回 | P28: 回 | Y28: T3 | AE28: 70ｍ | AQ28: hr | AT28: hr | AV28: 直外日 | BX28: ① | CF28: 巻取重量（ｔ） | CJ28: 累計
B29: ２S/C | D29: 50 | F29: 65.2 | I29: 127.7 | L29: 中間倉庫 | O29: 1 | P29: 10 | AI29: M | AO29: 0.2708 | AR29: 0 | BX29: ② | CF29: 0 | CJ29: 0
L30: 296 | Q30: ｂ7 | V30: ｂ7 | AI30: ｂ7 | BX30: ③ | CF30: その他重量（ｔ） | CJ30: 累計
AV31: ワインダー処理本数 | BB31: 0 | BE31: 本 | BX31: その他 | CF31: 0 | CJ31: 0
Q32: 115 | V32: 92 | AI32: 100 | AV32: （８）既設カッター・平包
Q33: A本 | V33: A本 | AI33: 973X625 | AV33: 号機 | AX33: 平均 処理量 | AZ33: 処理量 | BC33: 累計 | BF33: 原反残 | BI33: 寸法替 | BJ33: 枠替 | BK33: (A) | BS33: (B) | CA33: （C) | CI33: 停止時間 | CL33: 製品待ち時間
E34: ｔ | H34: ｔ | K34: ｔ | N34: 本 | O34: 回 | P34: 回 | Q34: Y2 | V34: Y2 | W34: 80ｍ | AE34: 90ｍ | AI34: Y2 | AM34: 90ｍ | AQ34: hr | AT34: hr | BK34: 7 | BP34: 12 | BS34: 15 | BV34: 18 | CA34: 23 | CE34: 3
B35: ３S/C | D35: 42 | F35: 17.7 | I35: 44.3 | L35: 損紙 | O35: 1 | P35: 4 | AI35: M | AO35: 0.6111 | AR35: 0 | AV35: 4D/C | AX35: 151 | AZ35: 0 | BC35: 0 | BF35: 総本数 | BI35: 0 | BJ35: 0 | CI35: 0.875 | CL35: 0
L36: 0 | Q36: 損紙7～17：30 | AB36: ｂ7 | AI36: b7 | BF36: 0
BN37: 休転 | BV37: 休転 | CD37: 休転
AB38: 65 | AI38: 92
AB39: B本 | AI39: A本
E40: ｔ | H40: ｔ | K40: ｔ | N40: 本 | O40: 回 | P40: 回 | AB40: T2 | AE40: 75ｍ | AG40: 75ｍ | AI40: T2 | AM40: 110ｍ | AQ40: hr | AT40: hr | AY40: ｔ | BB40: ｔ | BE40: ｔ | BH40: 本 | BI40: 回 | BJ40: 回 | BK40: 断裁SP | BN40: 0 | BQ40: m/min | BS40: 断裁SP | BV40: 0 | BY40: m/min | CA40: 断裁SP | CD40: 0 | CG40: m/min | CK40: hr | CN40: hr
B41: 合計 | D41: 142 | F41: 111.2 | I41: 231.7 | L41: 損紙 | P41: パルパー移送量 | T41: 17400 | AA41: kg | AB41: 平判 | AD41: 0 | AI41: kg | AJ41: 損紙カット | AN41: 0 | AT41: kg | AV41: 5D/C | AX41: - | AZ41: 0 | BC41: 0 | BF41: 上質 | BI41: 0 | BJ41: 0 | CI41: 0 | CL41: 0
B42: 号機 | E42: 平均処理量 | J42: 処理量 | O42: 累計 | U42: 包装前台数 | Y42: 寸法替 | AB42: ラベル替 | AE42: ワンプ替 | AH42: 停止時間 | AK42: 製品待ち時間 | AN42: 損紙発生量 | BF42: 0 | BH42: 本
B43: ＃１平包 | E43: 4000 | J43: 3,059 包 (43 t) | O43: 5,864 包 (105 t) | U43: 15 | Y43: 3 | AB43: 0 | AE43: 2 | AH43: 0.069444444 | AK43: 0 | AN43: 0 | BV43: 停止
BF44: コート
B45: ＃２平包 | E45: 4000 | J45: 2,044 包 (37 t) | O45: 5,351 包 (87 t) | Y45: 1 | AB45: 0 | AE45: 2 | AH45: 0.041666667 | AK45: 0.041666667 | AS45: kg | BF45: 0 | BH45: 本
AY46: ｔ | BB46: ｔ | BE46: ｔ | BI46: 回 | BJ46: 回 | BK46: 断裁SP | BN46: 0 | BQ46: m/min | BS46: 断裁SP | BV46: 0 | BY46: m/min | CA46: 断裁SP | CD46: 0 | CG46: m/min | CK46: hr | CN46: hr
B47: ＃３平包 | E47: - | J47: 0 包 (0 t) | O47: 0 包 (0 t) | Y47: 0 | AB47: 0 | AE47: 0 | AH47: 0 | AK47: 0 | AV47: 合計 | AX47: 151 | AZ47: 0 | BC47: 0 | BF47: 損紙 | BI47: 上質 | BK47: 0 | BN47: kg | BO47: 累計 | BQ47: 0 | BT47: kg | BU47: コート紙 | BX47: 0 | CA47: kg | CB47: 累計 | CD47: 0 | CG47: kg | CH47: サイドラン | CL47: 0
AV48: 【備考欄】 | AY48: ※長期休転 | CH48: 損紙カット | CL48: 0
B49: 合計 | E49: 8000 | J49: 5,103 包 (80 t) | O49: 11,215 包 (192 t) | U49: 3059 | V49: 0 | X49: 台 | Y49: 回 | AB49: 回 | AE49: 回 | AJ49: hr | AM49: hr | AV49: 旭マシナリーにより、S・D トップローターの確認
U50: 2044 | CE50: カッター処理本数 | CK50: 0 | CM50: 本
B51: カッタ | Y51: 平包 | AB51: ＃3平包機停止 | AV51: 号機 | AY51: 平均処理量 | BD51: 処理量 | BI51: 累計 | BO51: 包装前台数 | BS51: 寸法替 | BV51: ラベル替 | BY51: ワンプ替 | CB51: 停止時間 | CE51: 製品待ち時間
B52: ・＃3C/Tﾅｲﾌﾎﾙﾀﾞｰ更新工事（旭ﾏｼﾅﾘｰ）8:15～16:00 | AV52: ＃１平包 | AY52: 4900 | BC52: 包 | BD52: 0 包 (0 t) | BI52: 0 包 (0 t) | BO52: 0 | BS52: 0 | BV52: 0 | BY52: 0 | CB52: 0 | CE52: 0.875
AN54: AGF4号車休車 | AV54: 0 | AW54: 0 | AY54: 0 | AZ54: 0 | BS54: 回 | BV54: 回 | BY54: 回 | CD54: hr | CG54: hr | CH54: 損紙発生量
AV55: ＃２平包 | AY55: 1000 | BC55: 包 | BD55: 0 包 (0 t) | BI55: 0 包 (0 t) | BS55: 0 | BV55: 0 | BY55: 0 | CB55: 0 | CE55: 0.29166667 | CH55: 0
B56: （３）仕上２Ｇ
B57: 下台数 | F57: 総台数 | J57: 下の比率 | N57: 格付『下』内容 | AV57: 0 | AW57: 0 | AY57: 0 | AZ57: 0 | BO57: 台 | BS57: 回 | BV57: 回 | BY57: 回 | CD57: hr | CG57: hr | CM57: kg
B58: 35 | F58: 196 | J58: 17.857143 | N58: 仕上要因 | AD58: 前工程要因 | AV58: 合計 | AY58: 5900 | BC58: 包 | BD58: 0 包 (0 t) | BI58: 0 包 (0 t) | CO58: 仕上１G | CY58: 仕上2G
N59: つまみ | U59: 5 | V59: 不揃い | AC59: 1 | AD59: 吸湿ジワ | AL59: 18 | CO59: 仕上要因4位以下合計 | CY59: 仕上要因4位以下合計
N60: 切口不良 | U60: 4 | AD60: 巻ジワ | AL60: 2 | AV60: ＃１平包 | AZ60: 製品待ち7：00～7：00（21H）・運転準備 ・カッター運転準備 ・ｺﾝﾍﾞﾔ押し釦 変更工事中 手動試運転実施 (7/3に自動の試運転) | CO60: =BO69+BO70+BW66+BW67+BW68+BW69+BW70 -> 0 | CY60: =U62+U63+AC59+AC60+AC61+AC62+AC63 -> 3
N61: 枠替 | U61: 2 | AD61: ストリーク | AL61: 1 | AV61: ＃２平包 | AZ61: 製品待ち8：00～16：00（7H） | CO61: 前工程要因4位以下合計 | CY61: 前工程要因4位以下合計
N62: 汚れ | U62: 1 | CO62: =CF69+CF70+CN66+CN67+CN68+CN69+CN70 -> 0 | CY62: =AL62+AL63+AT59+AT60+AT61+AT62+AT63 -> 0
B63: 台 | F63: 台 | M63: % | N63: 長短 | U63: 1 | AM63: ウエットストリーク | AT63: 0 | AV63: （９）仕上１Ｇ
G64: 処理数 | K64: 累計 | P64: 未選別台数 | T64: 未仕上台数 | X64: 損紙発生量 | AK64: スキッド包装台数及び入庫重量 | AV64: 下台数 | AZ64: 総台数 | BD64: 下の比率 | BH64: 格付『下』内容
B65: ＃2積替機 | G65: 7 | J65: ｔ | K65: 7 | O65: ｔ | P65: 118 | T65: 132 | X65: 実績 | Y65: 6 | AC65: 台 | AD65: 実績 | AE65: 3600 | AJ65: kg | AK65: スキッド包装台数 | AP65: スキッド包装台数累計 | AV65: 0 | AZ65: 0 | BD65: - | BH65: 仕上要因 | BX65: 前工程要因
AK66: 6 | AP66: 15
B67: ＃2枚数読機 | G67: 0 | J67: ｔ | K67: 0 | O67: ｔ
X68: 累計 | Y68: 10 | AC68: 台 | AD68: 累計 | AE68: 6000 | AJ68: kg | AK68: 入庫重量（ｔ） | AP68: 入庫重量累計
B69: ＃2紙揃機 | G69: 0 | K69: - | AK69: 105 | AP69: 230
J70: 台 | S70: 台 | W70: 台 | AV70: 台 | AZ70: 台 | BG70: %
BA71: 処理数 | BE71: 累計 | BJ71: 未選別台数 | BN71: 未仕上台数 | BR71: 損紙発生量 | CE71: スキッド包装台数及び入庫重量
B72: （４）生産高 | AQ72: 単位: （t） | AV72: ＃1積替機 | BA72: 0 | BD72: ｔ | BE72: 0 | BI72: ｔ | BJ72: 0 | BM72: 台 | BN72: 0 | BQ72: 台 | BR72: 実績 | BS72: 0 | BW72: 台 | BX72: 実績 | BY72: 0 | CD72: kg | CE72: スキッド包装台数 | CJ72: スキッド包装台数累計
G73: =VALUE(SUBSTITUTE(MID(CELL("filename",$A$1),FIND("]",CELL("filename",$A$1))+1,LEN(CELL("filename",$A$1))),"日","")) -> 2 | K73: 生産高 | S73: 累 計 | AE73: 月次計画 (目標) | AM73: 月次計画 | AQ73: 目標対実績 | AV73: ＃1枚数読機 | BA73: 0 | BD73: ｔ | BE73: 0 | BI73: ｔ | CE73: 0 | CJ73: 0
B74: 設備 | G74: 実績 | K74: 計画 | O74: 増減 | S74: 実績 | W74: 計画 | AA74: 差異 | AE74: 数量 | AI74: 日数 | AM74: 数量 | AQ74: 数量 | AV74: ＃1紙揃機 | BA74: 0 | BD74: 台 | BE74: - | BR74: 累計 | BS74: 0 | BW74: 台 | BX74: 累計 | BY74: 0 | CD74: kg | CE74: 入庫重量（ｔ） | CJ74: 入庫重量累計
B75: 既設カッター | G75: =AZ35 -> 0 | K75: 0 | O75: =G75-K75 -> 0 | S75: =BC47 -> 0 | W75: =K75*$G$73 -> 0 | AA75: =S75-W75 -> 0 | AE75: =AM75/0.95 -> 2330.5263 | AI75: =1日!AI75 -> 21 | AM75: =1日!AM75 -> 2214 | AQ75: =S75-AE75 -> -2330.5263 | CE75: 0 | CJ75: 3
B76: ５C/Rワインダー | G76: =D14 -> 412.827 | K76: =AE76/AI76 -> 408.82852 | O76: =G76-K76 -> 3.9984771 | S76: =G14 -> 791.145 | W76: =K76*$G$73 -> 817.65705 | AA76: =S76-W76 -> -26.512046 | AE76: =AM76/0.95 -> 12673.684 | AI76: =1日!AI76 -> 31 | AM76: =1日!AM76 -> 12040 | AQ76: =S76-AE76 -> -11882.539 | AV76: 仕上1G | AZ76: スキッド残：0台（内積上げ：0台） | BR76: 仕上2G | BV76: スキッド残：41台
B77: ５C/Rカッター | G77: =F41 -> 111.2 | K77: =AE77/AI77 -> 142.10526 | O77: =G77-K77 -> -30.905263 | S77: =I41 -> 231.7 | W77: =K77*$G$73 -> 284.21053 | AA77: =S77-W77 -> -52.510526 | AE77: =AM77/0.95 -> 4405.2632 | AI77: =1日!AI77 -> 31 | AM77: =1日!AM77 -> 4185 | AQ77: =S77-AE77 -> -4173.5632

Sheet 3日
E1: 仕上操業報告書 | AV1: （５）損紙発生量合計 | CL1: 日本製紙岩国サポート(株）
B2: （１）５C/Rワインダー | N2: C/R前：(巻） | S2: 6 | U2: 本、(平） | X2: 3 | Z2: 本 | AC2: W/D前：(巻） | AH2: 0 | AJ2: 本、(平） | AM2: 6 | AO2: 本、(保） | AR2: 0 | AT2: 本 | AV2: 5CR | BM2: 既設 | CC2: =1日!CC2 -> 2026 | CG2: =1日!CG2 -> 7 | CI2: 月 | CK2: =VALUE(SUBSTITUTE(MID(CELL("filename",$A$1),FIND("]",CELL("filename",$A$1))+1,LEN(CELL("filename",$A$1))),"日","")) -> 3 | CM2: 日
B3: 号機 | D3: 処理量 | G3: 累計 | K3: 原反残 | N3: 巾替 | P3: 銘柄・坪量 | AB3: 欠数 | AD3: 欠品本数・理由 | AL3: 欠累計 | AO3: 停止時間 | AR3: 製品待ち時間 | AV3: サイドラン損紙 | BD3: 発生損紙 | BM3: サイドラン損紙 | BU3: 発生損紙
B4: ＃１ | D4: 192.598 | G4: 595.097 | K4: C/R前 | N4: 3 | P4: N-03 b７トラネクスト 140ｇ | AD4: 前工程起因多発順 | AJ4: 本数 | AL4: 53 | AO4: 0.069444444 | AR4: 0 | AV4: 実績 | AX4: =AF14 -> 0 | BD4: 実績 | BF4: =P14+AD41+AN43+AE65+BR8 -> 4745 | BM4: 実績 | BO4: =BQ27+CL47 -> 0 | BU4: 実績 | BW4: =BA27+BK47+BX47+CH55+BY72+BR17 -> 0
K5: 9 | P5: N-04 b７ナチュラル 75ｇ | AD5: ① | AF5: Ｐ | AJ5: 1 | AV5: 累計 | AX5: =SUM('1日:3日'!ax4) -> #NAME? | BD5: 累計 | BF5: =SUM('1日:3日'!bf4) -> #NAME? | BM5: 累計 | BO5: =SUM('1日:3日'!bo4) -> #NAME? | BU5: 累計 | BW5: =SUM('1日:3日'!bw4) -> #NAME?
P6: N-05 b７ナチュラル 83ｇ | AB6: 2 | AD6: ② | AF6: サビ | AJ6: 1 | AV6: （６）巻取包装
P7: N-06 b７ナチュラル 92ｇ | AB7: 1 | AD7: ③ | AF7: 汚れ | AJ7: 1 | AV7: 号機 | AZ7: 平均処理量 | BD7: 処理量 | BI7: 累計 | BN7: 停止時間 | BR7: 損紙発生量 | BV7: 【備考欄】
F8: ｔ | J8: ｔ | M8: 本 | O8: 回 | P8: N-07 b７ナチュラル 100ｇ | AD8: その他 | AL8: 3 | AN8: 本 | AQ8: hr | AT8: hr | AV8: ５C/R | AZ8: 450 | BD8: 122 | BI8: 933 | BN8: 0 | BR8: 0 | BV8: 鉄粉傷入り品15R→14.8R 33本再包
B9: ＃２ | D9: 190.514 | G9: 579.16 | K9: W/D前 | N9: 4 | P9: N-03 b７トラネクスト 140ｇ | AD9: W/D起因多発順 | AJ9: 本数 | AL9: 20 | AO9: 0.055555556 | AR9: 0 | BC9: 本 | BH9: 本 | BM9: 本 | BQ9: hr | BU9: kg
K10: 製 | L10: 6 | P10: N-04 b７ナチュラル 75ｇ | AD10: ①
K11: 保 | L11: 0 | P11: N-05 b７ナチュラル 83ｇ | AD11: ② | AV11: ８M/C | AZ11: 450 | BD11: 240 | BI11: 240 | BN11: 0 | BR11: 0 | BV11: 糊ﾛｰﾙ反転ｼﾘﾝﾀﾞｰ修理 8:30～15:00 (6.5H)
K12: 計 | P12: N-06 b７ナチュラル 92ｇ | AD12: ③ | BC12: 本 | BH12: 本 | BM12: 本 | BQ12: hr | BU12: kg | BV12: 包装機内清掃、運転準備
F13: ｔ | J13: t | K13: 6 | M13: 本 | O13: 回 | AD13: その他 | AL13: 0 | AN13: 本 | AQ13: hr | AT13: hr | BV13: 16:40_包装機運転開始
B14: 合計 | D14: 383.112 | F14: t | G14: 1174.257 | J14: t | K14: 損紙 | N14: 巻取 | P14: 1745 | T14: kg | U14: 累計 | W14: 44033 | AA14: kg | AB14: サイドラン | AF14: 0 | AJ14: 受入量 | AM14: 388 | AO14: ｔ | AP14: 歩留 | AR14: 98.740206 | AT14: % | AV14: ９M/C | AZ14: 780 | BD14: 0 | BI14: 0 | BN14: 0 | BR14: 0 | BV14: 長期休転 | BZ14: ・耳折機ｼｬﾌﾄ交換9:00～15:00 (6H)
B15: ＃1W/D | AH15: J・P補修本数 | AL15: 巻取量（ｔ） | AP15: 累計 | BC15: 本 | BH15: 本 | BM15: 本 | BQ15: hr | BU15: kg | BV15: ﾗﾍﾞﾗｸｯｼｮﾝｼﾘﾝﾀﾞｰ修理9:00～15:00 (6H) | CJ15: ・包装機試運転
AH16: 0 | AL16: 71.8 | AP16: 519.8 | BV16: ・ﾗﾍﾞﾗｸｯｼｮﾝﾎﾞﾘｭｳﾑﾌﾞｰｽﾀｰ交換 ・予加圧糊ﾀﾝｸｽﾋﾟｺﾝ取付
B17: ＃2W/D | AH17: 補修率 | AL17: 平判量（ｔ） | AP17: 累計 | AV17: 既設 | BD17: 0 | BI17: 0 | BN17: 0 | BR17: 0
AH18: 0 | AL18: 311.312 | AP18: 654.457 | BH18: 本 | BM18: 本 | BQ18: hr | BU18: kg
K19: ワインダー処理本数 | Q19: 23 | T19: 本 | W19: 欠陥数 | Z19: J | AB19: 1 | AD19: P | AF19: 10 | AH19: S | AJ19: 5 | AL19: 他 | AN19: 25 | AP19: 合計 | AR19: 41
B20: （２）５C/Rカッター・平包 | AP20: 累計 | AR20: 179 | AV20: （７）4C/Rワインダー | BZ20: W/D前：(巻） | CE20: 0 | CG20: 本、(平） | CJ20: 0 | CL20: 本
B21: 号機 | D21: 平均 処理量 | F21: 処理量 | I21: 累計 | L21: 原反残 | O21: 寸法替 | P21: 枠替 | Q21: (A) | Y21: (B) | AG21: （C) | AO21: 停止時間 | AR21: 製品待ち時間 | AV21: 号機 | AX21: 処理量 | BA21: 累計 | BE21: 原反残 | BH21: 巾替 | BJ21: 銘柄・坪量 | BX21: 欠品本数・理由 | CF21: 欠累計 | CI21: 停止時間 | CL21: 製品待ち時間
Q22: 7 | V22: 12 | Y22: 15 | AB22: 18 | AG22: 23 | AK22: 3 | AV22: ＃１ | AX22: 0 | BA22: 0 | BE22: W/D前 | BH22: 0 | BX22: 前工程起因多発順 | CD22: 本数 | CF22: 0 | CI22: 0 | CL22: 0.29166667
B23: 1S/C | D23: 50 | F23: 58.2 | I23: 117.9 | L23: 系外 | O23: 1 | P23: 6 | AC23: M | AO23: 0.566 | AR23: 0 | BE23: 製 | BF23: 0 | BX23: ①
L24: 97 | Q24: b7 | AC24: ｂ7 | AH24: 停止24～7 | BE24: 保 | BF24: 0 | BX24: ②
BE25: 計 | BX25: ③
Q26: 100 | AC26: 140 | AZ26: ｔ | BD26: ｔ | BE26: 0 | BG26: 本 | BI26: 回 | BX26: その他 | CH26: 本 | CK26: hr | CN26: hr
Q27: B本 | AC27: 4/6 | AV27: 損紙 | AX27: 巻取 | BA27: 0 | BE27: kg | BF27: 累計 | BH27: 0 | BL27: kg | BM27: サイドラン | BQ27: 0 | BW27: ㎏ | BX27: W/D起因多発順 | CD27: 本数 | CF27: 受入量 | CH27: 0 | CJ27: t 歩留 | CN27: %
E28: ｔ | H28: ｔ | K28: ｔ | N28: 本 | O28: 回 | P28: 回 | Q28: T3 | W28: 110ｍ | AC28: T3 | AD28: 60～110m | AL28: 110～100m | AQ28: hr | AT28: hr | BX28: ① | CF28: 巻取重量（ｔ） | CJ28: 累計
B29: ２S/C | D29: 50 | F29: 85.3 | I29: 213 | L29: 中間倉庫 | O29: 2 | P29: 10 | S29: M | AJ29: M | AO29: 0.3438 | AR29: 0 | BX29: ② | CF29: 0 | CJ29: 0
L30: 342 | Q30: b7 | S30: ｂ7 | AJ30: ﾅﾁｭﾗﾙ | BX30: ③ | CF30: その他重量（ｔ） | CJ30: 累計
AV31: ワインダー処理本数 | BB31: 0 | BE31: 本 | BX31: その他 | CF31: 0 | CJ31: 0
Q32: 100 | S32: 100 | AJ32: 75 | AV32: （８）既設カッター・平包
Q33: 973X625 | S33: 1050X750 | AJ33: 4/6 | AV33: 号機 | AX33: 平均 処理量 | AZ33: 処理量 | BC33: 累計 | BF33: 原反残 | BI33: 寸法替 | BJ33: 枠替 | BK33: (A) | BS33: (B) | CA33: （C) | CI33: 停止時間 | CL33: 製品待ち時間
E34: ｔ | H34: ｔ | K34: ｔ | N34: 本 | O34: 回 | P34: 回 | Q34: Y2 | S34: Y2 | V34: 90～100～90ｍ | AE34: 90ｍ | AJ34: Y2 | AM34: 90ｍ | AQ34: hr | AT34: hr | BK34: 7 | BP34: 12 | BS34: 15 | BV34: 18 | CA34: 23 | CE34: 3
B35: ３S/C | D35: 42 | F35: 57.4 | I35: 101.8 | L35: 損紙 | O35: 1 | P35: 12 | T35: M | AO35: 0.3611 | AR35: 0 | AV35: 4D/C | AX35: 151 | AZ35: 23.029 | BC35: 23.029 | BF35: 総本数 | BI35: 1 | BJ35: 2 | BO35: M | BR35: M | BS35: C | BU35: M | BV35: C | CI35: 0.55694444 | CL35: 0
L36: 0 | Q36: b7 | T36: ｂ7 | Z36: ｂ7 | AC36: ﾅﾁｭﾗﾙ | BF36: 10 | BM36: 6-29 | BS36: 6-06 | BV36: 6-29
BM37: 上質64×10 | BS37: ﾕｰﾗｲﾄ127.9×6 | BV37: 上質64×10
Q38: 92 | T38: 115 | Z38: 115 | AC38: 75 | BP38: A本Y1 | BS38: キクT2 | BV38: A本T2
Q39: 菊 | T39: A本 | Z39: A本 | AC39: A本 | BM39: 4/6T4 | BP39: 4/6Y2 | BS39: A本Y2 | BV39: A本Y2
E40: ｔ | H40: ｔ | K40: ｔ | N40: 本 | O40: 回 | P40: 回 | Q40: T2 | T40: T2 | V40: 115～125ｍ | Z40: T2 | AA40: 125ｍ | AC40: T2 | AE40: 95ｍ | AM40: 110ｍ | AQ40: hr | AT40: hr | AY40: ｔ | BB40: ｔ | BE40: ｔ | BH40: 本 | BI40: 回 | BJ40: 回 | BK40: 断裁SP | BN40: 0 | BQ40: m/min | BS40: 断裁SP | BV40: 85～120 | BY40: m/min | CA40: 断裁SP | CD40: 0 | CG40: m/min | CK40: hr | CN40: hr
B41: 合計 | D41: 142 | F41: 200.9 | I41: 432.7 | L41: 損紙 | P41: パルパー移送量 | T41: 3600 | AA41: kg | AB41: 平判 | AD41: 0 | AI41: kg | AJ41: 損紙カット | AN41: 0 | AT41: kg | AV41: 5D/C | AX41: - | AZ41: 0 | BC41: 0 | BF41: 上質 | BI41: 0 | BJ41: 0 | CI41: 0 | CL41: 0
B42: 号機 | E42: 平均処理量 | J42: 処理量 | O42: 累計 | U42: 包装前台数 | Y42: 寸法替 | AB42: ラベル替 | AE42: ワンプ替 | AH42: 停止時間 | AK42: 製品待ち時間 | AN42: 損紙発生量 | BF42: 10 | BH42: 本
B43: ＃１平包 | E43: 4000 | J43: 2,867 包 (60 t) | O43: 8,731 包 (165 t) | U43: 42 | Y43: 2 | AB43: 0 | AE43: 4 | AH43: 0.14583333 | AK43: 0 | AN43: 0 | BV43: 停止
BF44: コート
B45: ＃２平包 | E45: 4000 | J45: 2,831 包 (43 t) | O45: 8,182 包 (130 t) | Y45: 0 | AB45: 0 | AE45: 1 | AH45: 0.013888889 | AK45: 0 | AS45: kg | BF45: 0 | BH45: 本
AY46: ｔ | BB46: ｔ | BE46: ｔ | BI46: 回 | BJ46: 回 | BK46: 断裁SP | BN46: 0 | BQ46: m/min | BS46: 断裁SP | BV46: 0 | BY46: m/min | CA46: 断裁SP | CD46: 0 | CG46: m/min | CK46: hr | CN46: hr
B47: ＃３平包 | E47: - | J47: 0 包 (0 t) | O47: 0 包 (0 t) | Y47: 0 | AB47: 0 | AE47: 0 | AH47: 0 | AK47: 0 | AV47: 合計 | AX47: 151 | AZ47: 23.029 | BC47: 23.029 | BF47: 損紙 | BI47: 上質 | BK47: 0 | BN47: kg | BO47: 累計 | BQ47: 0 | BT47: kg | BU47: コート紙 | BX47: 0 | CA47: kg | CB47: 累計 | CD47: 0 | CG47: kg | CH47: サイドラン | CL47: 0
AV48: 【備考欄】 | AY48: パルパー移送止め 19：00～7：00（11H) | CH48: 損紙カット | CL48: 0
B49: 合計 | E49: 8000 | J49: 5,698 包 (103 t) | O49: 16,913 包 (295 t) | U49: 2867 | V49: 0 | X49: 台 | Y49: 回 | AB49: 回 | AE49: 回 | AJ49: hr | AM49: hr
U50: 2831 | CE50: カッター処理本数 | CK50: 6 | CM50: 本
B51: カッタ | Y51: 平包 | AB51: ＃3平包機停止 | AV51: 号機 | AY51: 平均処理量 | BD51: 処理量 | BI51: 累計 | BO51: 包装前台数 | BS51: 寸法替 | BV51: ラベル替 | BY51: ワンプ替 | CB51: 停止時間 | CE51: 製品待ち時間
AV52: ＃１平包 | AY52: 4900 | BC52: 包 | BD52: 0 包 (0 t) | BI52: 0 包 (0 t) | BO52: 44 | BS52: 0 | BV52: 0 | BY52: 0 | CB52: 0.041666667 | CE52: 0.875
AP54: AGF4号車休車 | AV54: 0 | AW54: 0 | AY54: 0 | AZ54: 0 | BS54: 回 | BV54: 回 | BY54: 回 | CD54: hr | CG54: hr | CH54: 損紙発生量
AV55: ＃２平包 | AY55: 1000 | BC55: 包 | BD55: 0 包 (0 t) | BI55: 0 包 (0 t) | BS55: 0 | BV55: 0 | BY55: 0 | CB55: 0 | CE55: 0.29166667 | CH55: 0
B56: （３）仕上２Ｇ
B57: 下台数 | F57: 総台数 | J57: 下の比率 | N57: 格付『下』内容 | AV57: 0 | AW57: 0 | AY57: 0 | AZ57: 0 | BO57: 台 | BS57: 回 | BV57: 回 | BY57: 回 | CD57: hr | CG57: hr | CM57: kg
B58: 32 | F58: 318 | J58: 10.062893 | N58: 仕上要因 | AD58: 前工程要因 | AV58: 合計 | AY58: 5900 | BC58: 包 | BD58: 0 包 (0 t) | BI58: 0 包 (0 t) | CO58: 仕上１G | CY58: 仕上2G
N59: つまみ | U59: 11 | AD59: 吸湿ジワ | AL59: 10 | CO59: 仕上要因4位以下合計 | CY59: 仕上要因4位以下合計
N60: 枠替え | U60: 5 | AD60: ストリーク | AL60: 1 | AV60: ＃１平包 | AZ60: 製品待ち7：00～7：00（21H） ・カッター応援 | CO60: =BO69+BO70+BW66+BW67+BW68+BW69+BW70 -> 0 | CY60: =U62+U63+AC59+AC60+AC61+AC62+AC63 -> 1
N61: 不揃い | U61: 4 | AV61: ＃２平包 | AZ61: 製品待ち8：00～16：00（7H）・胴張ホットメルト電磁弁交換 ・選別ピンサーエアー漏れ修理継ぎ手交換 | CO61: 前工程要因4位以下合計 | CY61: 前工程要因4位以下合計
N62: カウンタ不良 | U62: 1 | CO62: =CF69+CF70+CN66+CN67+CN68+CN69+CN70 -> 0 | CY62: =AL62+AL63+AT59+AT60+AT61+AT62+AT63 -> 0
B63: 台 | F63: 台 | M63: % | AM63: ウエットストリーク | AT63: 0 | AV63: （９）仕上１Ｇ
G64: 処理数 | K64: 累計 | P64: 未選別台数 | T64: 未仕上台数 | X64: 損紙発生量 | AK64: スキッド包装台数及び入庫重量 | AV64: 下台数 | AZ64: 総台数 | BD64: 下の比率 | BH64: 格付『下』内容
B65: ＃2積替機 | G65: 7 | J65: ｔ | K65: 14 | O65: ｔ | P65: 113 | T65: 156 | X65: 実績 | Y65: 5 | AC65: 台 | AD65: 実績 | AE65: 3000 | AJ65: kg | AK65: スキッド包装台数 | AP65: スキッド包装台数累計 | AV65: 0 | AZ65: 36 | BD65: 0 | BH65: 仕上要因 | BX65: 前工程要因
AK66: 20 | AP66: 35
B67: ＃2枚数読機 | G67: 0 | J67: ｔ | K67: 0 | O67: ｔ
X68: 累計 | Y68: 15 | AC68: 台 | AD68: 累計 | AE68: 9000 | AJ68: kg | AK68: 入庫重量（ｔ） | AP68: 入庫重量累計
B69: ＃2紙揃機 | G69: 0 | K69: - | AK69: 146 | AP69: 376
J70: 台 | S70: 台 | W70: 台 | AV70: 台 | AZ70: 台 | BG70: %
BA71: 処理数 | BE71: 累計 | BJ71: 未選別台数 | BN71: 未仕上台数 | BR71: 損紙発生量 | CE71: スキッド包装台数及び入庫重量
B72: （４）生産高 | AQ72: 単位: （t） | AV72: ＃1積替機 | BA72: 0 | BD72: ｔ | BE72: 0 | BI72: ｔ | BJ72: 0 | BM72: 台 | BN72: 0 | BQ72: 台 | BR72: 実績 | BS72: 0 | BW72: 台 | BX72: 実績 | BY72: 0 | CD72: kg | CE72: スキッド包装台数 | CJ72: スキッド包装台数累計
G73: =VALUE(SUBSTITUTE(MID(CELL("filename",$A$1),FIND("]",CELL("filename",$A$1))+1,LEN(CELL("filename",$A$1))),"日","")) -> 3 | K73: 生産高 | S73: 累 計 | AE73: 月次計画 (目標) | AM73: 月次計画 | AQ73: 目標対実績 | AV73: ＃1枚数読機 | BA73: 0 | BD73: ｔ | BE73: 0 | BI73: ｔ | CE73: 0 | CJ73: 0
B74: 設備 | G74: 実績 | K74: 計画 | O74: 増減 | S74: 実績 | W74: 計画 | AA74: 差異 | AE74: 数量 | AI74: 日数 | AM74: 数量 | AQ74: 数量 | AV74: ＃1紙揃機 | BA74: 0 | BD74: 台 | BE74: - | BR74: 累計 | BS74: 0 | BW74: 台 | BX74: 累計 | BY74: 0 | CD74: kg | CE74: 入庫重量（ｔ） | CJ74: 入庫重量累計
B75: 既設カッター | G75: =AZ35 -> 23.029 | K75: 0 | O75: =G75-K75 -> 23.029 | S75: =BC47 -> 23.029 | W75: =K75*$G$73 -> 0 | AA75: =S75-W75 -> 23.029 | AE75: =AM75/0.95 -> 2330.5263 | AI75: =1日!AI75 -> 21 | AM75: =1日!AM75 -> 2214 | AQ75: =S75-AE75 -> -2307.4973 | CE75: 0 | CJ75: 3
B76: ５C/Rワインダー | G76: =D14 -> 383.112 | K76: =AE76/AI76 -> 408.82852 | O76: =G76-K76 -> -25.716523 | S76: =G14 -> 1174.257 | W76: =K76*$G$73 -> 1226.4856 | AA76: =S76-W76 -> -52.228569 | AE76: =AM76/0.95 -> 12673.684 | AI76: =1日!AI76 -> 31 | AM76: =1日!AM76 -> 12040 | AQ76: =S76-AE76 -> -11499.427 | AV76: 仕上1G | AZ76: スキッド残：0台（内積上げ：0台） | BR76: 仕上2G | BV76: スキッド残：79台
B77: ５C/Rカッター | G77: =F41 -> 200.9 | K77: =AE77/AI77 -> 142.10526 | O77: =G77-K77 -> 58.794737 | S77: =I41 -> 432.7 | W77: =K77*$G$73 -> 426.31579 | AA77: =S77-W77 -> 6.3842105 | AE77: =AM77/0.95 -> 4405.2632 | AI77: =1日!AI77 -> 31 | AM77: =1日!AM77 -> 4185 | AQ77: =S77-AE77 -> -3972.5632

Sheet 4日
E1: 仕上操業報告書 | AV1: （５）損紙発生量合計 | CL1: 日本製紙岩国サポート(株）
B2: （１）５C/Rワインダー | N2: C/R前：(巻） | S2: 13 | U2: 本、(平） | X2: 0 | Z2: 本 | AC2: W/D前：(巻） | AH2: 5 | AJ2: 本、(平） | AM2: 0 | AO2: 本、(保） | AR2: 0 | AT2: 本 | AV2: 5CR | BM2: 既設 | CC2: =1日!CC2 -> 2026 | CG2: =1日!CG2 -> 7 | CI2: 月 | CK2: =VALUE(SUBSTITUTE(MID(CELL("filename",$A$1),FIND("]",CELL("filename",$A$1))+1,LEN(CELL("filename",$A$1))),"日","")) -> 4 | CM2: 日
B3: 号機 | D3: 処理量 | G3: 累計 | K3: 原反残 | N3: 巾替 | P3: 銘柄・坪量 | AB3: 欠数 | AD3: 欠品本数・理由 | AL3: 欠累計 | AO3: 停止時間 | AR3: 製品待ち時間 | AV3: サイドラン損紙 | BD3: 発生損紙 | BM3: サイドラン損紙 | BU3: 発生損紙
B4: ＃１ | D4: 187.883 | G4: 782.98 | K4: C/R前 | N4: 4 | P4: N-07 ｂ7ナチュラル 100ｇ | AD4: 前工程起因多発順 | AJ4: 本数 | AL4: 55 | AO4: 0.083333333 | AR4: 0.076388889 | AV4: 実績 | AX4: =AF14 -> 0 | BD4: 実績 | BF4: =P14+AD41+AN43+AE65+BR8 -> 5839 | BM4: 実績 | BO4: =BQ27+CL47 -> 0 | BU4: 実績 | BW4: =BA27+BK47+BX47+CH55+BY72+BR17 -> 0
K5: 13 | P5: N-08 ｂ7ナチュラルEX 115ｇ | AB5: 2 | AD5: ① | AF5: 連続欠陥 | AJ5: 1 | AV5: 累計 | AX5: =SUM('1日:4日'!ax4) -> #NAME? | BD5: 累計 | BF5: =SUM('1日:4日'!bf4) -> #NAME? | BM5: 累計 | BO5: =SUM('1日:4日'!bo4) -> #NAME? | BU5: 累計 | BW5: =SUM('1日:4日'!bw4) -> #NAME?
P6: N-09 b７トラネクスト 100ｇ | AD6: ② | AF6: 汚れ | AJ6: 1 | AV6: （６）巻取包装
AD7: ③ | AV7: 号機 | AZ7: 平均処理量 | BD7: 処理量 | BI7: 累計 | BN7: 停止時間 | BR7: 損紙発生量 | BV7: 【備考欄】
F8: ｔ | J8: ｔ | M8: 本 | O8: 回 | AD8: その他 | AL8: 2 | AN8: 本 | AQ8: hr | AT8: hr | AV8: ５C/R | AZ8: 450 | BD8: 60 | BI8: 993 | BN8: 0 | BR8: 0
B9: ＃２ | D9: 197.308 | G9: 776.468 | K9: W/D前 | N9: 2 | P9: N-06 ｂ7ナチュラル 92ｇ | AD9: W/D起因多発順 | AJ9: 本数 | AL9: 20 | AO9: 0.041666667 | AR9: 0.083333333 | BC9: 本 | BH9: 本 | BM9: 本 | BQ9: hr | BU9: kg
K10: 製 | L10: 5 | P10: N-07 ｂ7ナチュラル 100ｇ | AD10: ①
K11: 保 | L11: 0 | P11: N-08 ｂ7ナチュラルEX 115ｇ | AD11: ② | AV11: ８M/C | AZ11: 450 | BD11: 582 | BI11: 822 | BN11: 0 | BR11: 0
K12: 計 | P12: N-09 b７トラネクスト 100ｇ | AD12: ③ | BC12: 本 | BH12: 本 | BM12: 本 | BQ12: hr | BU12: kg
F13: ｔ | J13: t | K13: 5 | M13: 本 | O13: 回 | AD13: その他 | AL13: 0 | AN13: 本 | AQ13: hr | AT13: hr
B14: 合計 | D14: 385.191 | F14: t | G14: 1559.448 | J14: t | K14: 損紙 | N14: 巻取 | P14: 1039 | T14: kg | U14: 累計 | W14: 45072 | AA14: kg | AB14: サイドラン | AF14: 0 | AJ14: 受入量 | AM14: 390 | AO14: ｔ | AP14: 歩留 | AR14: 98.766923 | AT14: % | AV14: ９M/C | AZ14: 780 | BD14: 0 | BI14: 0 | BN14: 0 | BR14: 0 | BV14: ※長期休転 | CA14: 各S/C清掃 包装機試運転
B15: ＃1W/D | F15: 製品待ち 1：40～3：00、4：30～5：00 計1H50M | AH15: J・P補修本数 | AL15: 巻取量（ｔ） | AP15: 累計 | BC15: 本 | BH15: 本 | BM15: 本 | BQ15: hr | BU15: kg | BV15: 再包６本（製品倉庫依頼品）
AH16: 0 | AL16: 55.5 | AP16: 575.3 | BV16: 各所ｼﾘﾝﾀﾞｰﾅｯｸﾙ部給脂
B17: ＃2W/D | F17: 製品待ち 2：00～4：00 2H | AH17: 補修率 | AL17: 平判量（ｔ） | AP17: 累計 | AV17: 既設 | BD17: 0 | BI17: 0 | BN17: 0 | BR17: 0
AH18: 0 | AL18: 329.691 | AP18: 984.148 | BH18: 本 | BM18: 本 | BQ18: hr | BU18: kg
K19: ワインダー処理本数 | Q19: 23 | T19: 本 | W19: 欠陥数 | Z19: J | AB19: 1 | AD19: P | AF19: 9 | AH19: S | AJ19: 1 | AL19: 他 | AN19: 37 | AP19: 合計 | AR19: 48
B20: （２）５C/Rカッター・平包 | AP20: 累計 | AR20: 227 | AV20: （７）4C/Rワインダー | BZ20: W/D前：(巻） | CE20: 0 | CG20: 本、(平） | CJ20: 0 | CL20: 本
B21: 号機 | D21: 平均 処理量 | F21: 処理量 | I21: 累計 | L21: 原反残 | O21: 寸法替 | P21: 枠替 | Q21: (A) | Y21: (B) | AG21: （C) | AO21: 停止時間 | AR21: 製品待ち時間 | AV21: 号機 | AX21: 処理量 | BA21: 累計 | BE21: 原反残 | BH21: 巾替 | BJ21: 銘柄・坪量 | BX21: 欠品本数・理由 | CF21: 欠累計 | CI21: 停止時間 | CL21: 製品待ち時間
Q22: 7 | V22: 12 | Y22: 15 | AB22: 18 | AG22: 23 | AK22: 3 | AV22: ＃１ | AX22: 0 | BA22: 0 | BE22: W/D前 | BH22: 0 | BX22: 前工程起因多発順 | CD22: 本数 | CF22: 0 | CI22: 0 | CL22: 0.29166667
B23: 1S/C | D23: 50 | F23: 59 | I23: 176.9 | L23: 系外 | O23: 0 | P23: 10 | AO23: 0.566 | AR23: 0 | BE23: 製 | BF23: 0 | BX23: ①
L24: 164 | Q24: b7 | AD24: ﾅﾁｭﾗﾙ | AG24: 停止23～7 | BE24: 保 | BF24: 0 | BX24: ②
BE25: 計 | BX25: ③
Q26: 140 | AD26: 100 | AZ26: ｔ | BD26: ｔ | BE26: 0 | BG26: 本 | BI26: 回 | BX26: その他 | CH26: 本 | CK26: hr | CN26: hr
Q27: 4/6 | AD27: 4/6 | AV27: 損紙 | AX27: 巻取 | BA27: 0 | BE27: kg | BF27: 累計 | BH27: 0 | BL27: kg | BM27: サイドラン | BQ27: 0 | BW27: ㎏ | BX27: W/D起因多発順 | CD27: 本数 | CF27: 受入量 | CH27: 0 | CJ27: t 歩留 | CN27: %
E28: ｔ | H28: ｔ | K28: ｔ | N28: 本 | O28: 回 | P28: 回 | Q28: T3 | V28: 60～100m | AD28: T3 | AE28: 60～100m | AQ28: hr | AT28: hr | BX28: ① | CF28: 巻取重量（ｔ） | CJ28: 累計
B29: ２S/C | D29: 50 | F29: 95.5 | I29: 308.5 | L29: 中間倉庫 | O29: 1 | P29: 14 | AH29: M | AO29: 0.4028 | AR29: 0 | BX29: ② | CF29: 0 | CJ29: 0
L30: 380 | Q30: ﾅﾁｭﾗﾙ | S30: ﾅﾁｭﾗﾙ | V30: ﾅﾁｭﾗﾙ | Z30: b7 | AC30: b7 | AH30: b7 | BX30: ③ | CF30: その他重量（ｔ） | CJ30: 累計
AV31: ワインダー処理本数 | BB31: 0 | BE31: 本 | BX31: その他 | CF31: 0 | CJ31: 0
Q32: 75 | S32: 92 | V32: 100 | Z32: 140 | AC32: 115 | AH32: 115 | AV32: （８）既設カッター・平包
Q33: 4/6 | S33: 4/6 | V33: 4/6 | Z33: 4/6 | AC33: 4/6 | AH33: 菊 | AV33: 号機 | AX33: 平均 処理量 | AZ33: 処理量 | BC33: 累計 | BF33: 原反残 | BI33: 寸法替 | BJ33: 枠替 | BK33: (A) | BS33: (B) | CA33: （C) | CI33: 停止時間 | CL33: 製品待ち時間
E34: ｔ | H34: ｔ | K34: ｔ | N34: 本 | O34: 回 | P34: 回 | Q34: Y2 | S34: Y2 | V34: Y2 | W34: 110ｍ | Z34: Y2 | AC34: Y2 | AE34: 110m | AH34: Y2 | AM34: 100ｍ | AQ34: hr | AT34: hr | BK34: 7 | BP34: 12 | BS34: 15 | BV34: 18 | CA34: 23 | CE34: 3
B35: ３S/C | D35: 42 | F35: 66.6 | I35: 168.4 | L35: 損紙 | O35: 0 | P35: 14 | AO35: 0.3264 | AR35: 0 | AV35: 4D/C | AX35: 151 | AZ35: 19.95 | BC35: 42.979 | BF35: 総本数 | BI35: 0 | BJ35: 0 | BT35: 6-29 | CI35: 0.75 | CL35: 0
L36: 0 | Q36: ﾅﾁｭﾗﾙ | V36: b7 | AA36: ﾅﾁｭﾗﾙ | AJ36: ﾅﾁｭﾗﾙ | BF36: 0 | BT36: 上質64×10
BT37: A本T2
Q38: 75 | V38: 140 | AA38: 100 | AJ38: 83 | BT38: A本Y2
Q39: A本 | V39: A本 | AA39: A本 | AJ39: A本
E40: ｔ | H40: ｔ | K40: ｔ | N40: 本 | O40: 回 | P40: 回 | Q40: T2 | T40: 110m | V40: T2 | W40: 135m | AA40: T2 | AE40: 130ｍ | AJ40: T2 | AM40: 130ｍ | AQ40: hr | AT40: hr | AY40: ｔ | BB40: ｔ | BE40: ｔ | BH40: 本 | BI40: 回 | BJ40: 回 | BK40: 断裁SP | BN40: 0 | BQ40: m/min | BS40: 断裁SP | BV40: 85 | BY40: m/min | CA40: 断裁SP | CD40: 0 | CG40: m/min | CK40: hr | CN40: hr
B41: 合計 | D41: 142 | F41: 221.1 | I41: 653.8 | L41: 損紙 | P41: パルパー移送量 | T41: 2400 | AA41: kg | AB41: 平判 | AD41: 0 | AI41: kg | AJ41: 損紙カット | AN41: 0 | AT41: kg | AV41: 5D/C | AX41: - | AZ41: 0 | BC41: 0 | BF41: 上質 | BI41: 0 | BJ41: 0 | CI41: 0 | CL41: 0
B42: 号機 | E42: 平均処理量 | J42: 処理量 | O42: 累計 | U42: 包装前台数 | Y42: 寸法替 | AB42: ラベル替 | AE42: ワンプ替 | AH42: 停止時間 | AK42: 製品待ち時間 | AN42: 損紙発生量 | BF42: 0 | BH42: 本
B43: ＃１平包 | E43: 4000 | J43: 3,194 包 (77 t) | O43: 11,925 包 (242 t) | U43: 67 | Y43: 2 | AB43: 0 | AE43: 2 | AH43: 0.055555556 | AK43: 0 | AN43: 0 | BV43: 停止
BF44: コート
B45: ＃２平包 | E45: 4000 | J45: 4,540 包 (79 t) | O45: 12,722 包 (209 t) | Y45: 3 | AB45: 0 | AE45: 4 | AH45: 0.097222222 | AK45: 0 | AS45: kg | BF45: 0 | BH45: 本
AY46: ｔ | BB46: ｔ | BE46: ｔ | BI46: 回 | BJ46: 回 | BK46: 断裁SP | BN46: 0 | BQ46: m/min | BS46: 断裁SP | BV46: 0 | BY46: m/min | CA46: 断裁SP | CD46: 0 | CG46: m/min | CK46: hr | CN46: hr
B47: ＃３平包 | E47: - | J47: 0 包 (0 t) | O47: 0 包 (0 t) | Y47: 0 | AB47: 0 | AE47: 0 | AH47: 0 | AK47: 0 | AV47: 合計 | AX47: 151 | AZ47: 19.95 | BC47: 42.979 | BF47: 損紙 | BI47: 上質 | BK47: 0 | BN47: kg | BO47: 累計 | BQ47: 0 | BT47: kg | BU47: コート紙 | BX47: 0 | CA47: kg | CB47: 累計 | CD47: 0 | CG47: kg | CH47: サイドラン | CL47: 0
AV48: 【備考欄】 | AY48: 移送止め 7：00～16：30 (8H30M)、長期休転 21：00～7：00 (9H) | CH48: 損紙カット | CL48: 0
B49: 合計 | E49: 8000 | J49: 7,734 包 (156 t) | O49: 24,647 包 (451 t) | U49: 3194 | V49: 0 | X49: 台 | Y49: 回 | AB49: 回 | AE49: 回 | AJ49: hr | AM49: hr
U50: 4540 | CE50: カッター処理本数 | CK50: 10 | CM50: 本
B51: カッタ | Y51: 平包 | AB51: ＃3平包機停止 | AV51: 号機 | AY51: 平均処理量 | BD51: 処理量 | BI51: 累計 | BO51: 包装前台数 | BS51: 寸法替 | BV51: ラベル替 | BY51: ワンプ替 | CB51: 停止時間 | CE51: 製品待ち時間
AV52: ＃１平包 | AY52: 4900 | BC52: 包 | BD52: 1,636 包 (29 t) | BI52: 1,636 包 (29 t) | BO52: 2 | BS52: 3 | BV52: 2 | BY52: 2 | CB52: 0.10416667 | CE52: 0.4375
AP54: AGF4号車休車 | AV54: 1636 | AW54: 1636 | AY54: 28.706625 | AZ54: 28.706625 | BS54: 回 | BV54: 回 | BY54: 回 | CD54: hr | CG54: hr | CH54: 損紙発生量
AV55: ＃２平包 | AY55: 1000 | BC55: 包 | BD55: 466 包 (9 t) | BI55: 466 包 (9 t) | BS55: 2 | BV55: 2 | BY55: 1 | CB55: 0.055555556 | CE55: 0.125 | CH55: 0
B56: （３）仕上２Ｇ
B57: 下台数 | F57: 総台数 | J57: 下の比率 | N57: 格付『下』内容 | AV57: 466 | AW57: 466 | AY57: 8.79525 | AZ57: 8.79525 | BO57: 台 | BS57: 回 | BV57: 回 | BY57: 回 | CD57: hr | CG57: hr | CM57: kg
B58: 21 | F58: 360 | J58: 5.8333333 | N58: 仕上要因 | AD58: 前工程要因 | AV58: 合計 | AY58: 5900 | BC58: 包 | BD58: 2,102 包 (38 t) | BI58: 2,102 包 (38 t) | CO58: 仕上１G | CY58: 仕上2G
N59: つまみ | U59: 13 | V59: 青紙 | AC59: 1 | AD59: ストリーク | AL59: 2 | CO59: 仕上要因4位以下合計 | CY59: 仕上要因4位以下合計
N60: セリ傷 | U60: 1 | AV60: ＃１平包 | CO60: =BO69+BO70+BW66+BW67+BW68+BW69+BW70 -> 0 | CY60: =U62+U63+AC59+AC60+AC61+AC62+AC63 -> 3
N61: 紙ズレ | U61: 1 | AV61: ＃２平包 | CO61: 前工程要因4位以下合計 | CY61: 前工程要因4位以下合計
N62: 不揃い | U62: 1 | CO62: =CF69+CF70+CN66+CN67+CN68+CN69+CN70 -> 0 | CY62: =AL62+AL63+AT59+AT60+AT61+AT62+AT63 -> 0
B63: 台 | F63: 台 | M63: % | N63: カウンタ不良 | U63: 1 | AM63: ウエットストリーク | AT63: 0 | AV63: （９）仕上１Ｇ
G64: 処理数 | K64: 累計 | P64: 未選別台数 | T64: 未仕上台数 | X64: 損紙発生量 | AK64: スキッド包装台数及び入庫重量 | AV64: 下台数 | AZ64: 総台数 | BD64: 下の比率 | BH64: 格付『下』内容
B65: ＃2積替機 | G65: 5 | J65: ｔ | K65: 19 | O65: ｔ | P65: 180 | T65: 245 | X65: 実績 | Y65: 8 | AC65: 台 | AD65: 実績 | AE65: 4800 | AJ65: kg | AK65: スキッド包装台数 | AP65: スキッド包装台数累計 | AV65: 9 | AZ65: 40 | BD65: 22.5 | BH65: 仕上要因 | BX65: 前工程要因
AK66: 49 | AP66: 84 | BX66: 重欠 | CF66: 9
B67: ＃2枚数読機 | G67: 0 | J67: ｔ | K67: 0 | O67: ｔ
X68: 累計 | Y68: 23 | AC68: 台 | AD68: 累計 | AE68: 13800 | AJ68: kg | AK68: 入庫重量（ｔ） | AP68: 入庫重量累計
B69: ＃2紙揃機 | G69: 0 | K69: - | AK69: 190 | AP69: 566
J70: 台 | S70: 台 | W70: 台 | AV70: 台 | AZ70: 台 | BG70: %
BA71: 処理数 | BE71: 累計 | BJ71: 未選別台数 | BN71: 未仕上台数 | BR71: 損紙発生量 | CE71: スキッド包装台数及び入庫重量
B72: （４）生産高 | AQ72: 単位: （t） | AV72: ＃1積替機 | BA72: 0 | BD72: ｔ | BE72: 0 | BI72: ｔ | BJ72: 6 | BM72: 台 | BN72: 6 | BQ72: 台 | BR72: 実績 | BS72: 0 | BW72: 台 | BX72: 実績 | BY72: 0 | CD72: kg | CE72: スキッド包装台数 | CJ72: スキッド包装台数累計
G73: =VALUE(SUBSTITUTE(MID(CELL("filename",$A$1),FIND("]",CELL("filename",$A$1))+1,LEN(CELL("filename",$A$1))),"日","")) -> 4 | K73: 生産高 | S73: 累 計 | AE73: 月次計画 (目標) | AM73: 月次計画 | AQ73: 目標対実績 | AV73: ＃1枚数読機 | BA73: 0 | BD73: ｔ | BE73: 0 | BI73: ｔ | CE73: 0 | CJ73: 0
B74: 設備 | G74: 実績 | K74: 計画 | O74: 増減 | S74: 実績 | W74: 計画 | AA74: 差異 | AE74: 数量 | AI74: 日数 | AM74: 数量 | AQ74: 数量 | AV74: ＃1紙揃機 | BA74: 0 | BD74: 台 | BE74: - | BR74: 累計 | BS74: 0 | BW74: 台 | BX74: 累計 | BY74: 0 | CD74: kg | CE74: 入庫重量（ｔ） | CJ74: 入庫重量累計
B75: 既設カッター | G75: =AZ35 -> 19.95 | K75: =AE75/AI75 -> 110.97744 | O75: =G75-K75 -> -91.027444 | S75: =BC47 -> 42.979 | W75: =K75*$G$73 -> 443.90977 | AA75: =S75-W75 -> -400.93077 | AE75: =AM75/0.95 -> 2330.5263 | AI75: =1日!AI75 -> 21 | AM75: =1日!AM75 -> 2214 | AQ75: =S75-AE75 -> -2287.5473 | CE75: 36 | CJ75: 39
B76: ５C/Rワインダー | G76: =D14 -> 385.191 | K76: =AE76/AI76 -> 408.82852 | O76: =G76-K76 -> -23.637523 | S76: =G14 -> 1559.448 | W76: =K76*$G$73 -> 1635.3141 | AA76: =S76-W76 -> -75.866092 | AE76: =AM76/0.95 -> 12673.684 | AI76: =1日!AI76 -> 31 | AM76: =1日!AM76 -> 12040 | AQ76: =S76-AE76 -> -11114.236 | AV76: 仕上1G | AZ76: スキッド残：0台（内積上げ：0台） | BR76: 仕上2G | BV76: スキッド残：65台
B77: ５C/Rカッター | G77: =F41 -> 221.1 | K77: =AE77/AI77 -> 142.10526 | O77: =G77-K77 -> 78.994737 | S77: =I41 -> 653.8 | W77: =K77*$G$73 -> 568.42105 | AA77: =S77-W77 -> 85.378947 | AE77: =AM77/0.95 -> 4405.2632 | AI77: =1日!AI77 -> 31 | AM77: =1日!AM77 -> 4185 | AQ77: =S77-AE77 -> -3751.4632

Sheet 5日
E1: 仕上操業報告書 | AV1: （５）損紙発生量合計 | CL1: 日本製紙岩国サポート(株）
B2: （１）５C/Rワインダー | N2: C/R前：(巻） | S2: 10 | U2: 本、(平） | X2: 0 | Z2: 本 | AC2: W/D前：(巻） | AH2: 7 | AJ2: 本、(平） | AM2: 0 | AO2: 本、(保） | AR2: 0 | AT2: 本 | AV2: 5CR | BM2: 既設 | CC2: =1日!CC2 -> 2026 | CG2: =1日!CG2 -> 7 | CI2: 月 | CK2: =VALUE(SUBSTITUTE(MID(CELL("filename",$A$1),FIND("]",CELL("filename",$A$1))+1,LEN(CELL("filename",$A$1))),"日","")) -> 5 | CM2: 日
B3: 号機 | D3: 処理量 | G3: 累計 | K3: 原反残 | N3: 巾替 | P3: 銘柄・坪量 | AB3: 欠数 | AD3: 欠品本数・理由 | AL3: 欠累計 | AO3: 停止時間 | AR3: 製品待ち時間 | AV3: サイドラン損紙 | BD3: 発生損紙 | BM3: サイドラン損紙 | BU3: 発生損紙
B4: ＃１ | D4: 198.932 | G4: 981.912 | K4: C/R前 | N4: 2 | P4: N-09 ｂ7トラネクスト 100ｇ | AD4: 前工程起因多発順 | AJ4: 本数 | AL4: 60 | AO4: 0.041666667 | AR4: 0 | AV4: 実績 | AX4: =AF14 -> 0 | BD4: 実績 | BF4: =P14+AD41+AN43+AE65+BR8 -> 9280 | BM4: 実績 | BO4: =BQ27+CL47 -> 0 | BU4: 実績 | BW4: =BA27+BK47+BX47+CH55+BY72+BR17 -> 0
K5: 10 | P5: N-10 ｂ7トラネクスト 75ｇ | AB5: 5 | AD5: ① | AF5: 黒スジ | AJ5: 2 | AV5: 累計 | AX5: =SUM('1日:5日'!ax4) -> #NAME? | BD5: 累計 | BF5: =SUM('1日:5日'!bf4) -> #NAME? | BM5: 累計 | BO5: =SUM('1日:5日'!bo4) -> #NAME? | BU5: 累計 | BW5: =SUM('1日:5日'!bw4) -> #NAME?
AD6: ② | AF6: P | AJ6: 2 | AV6: （６）巻取包装
AD7: ③ | AF7: 汚れ | AJ7: 1 | AV7: 号機 | AZ7: 平均処理量 | BD7: 処理量 | BI7: 累計 | BN7: 停止時間 | BR7: 損紙発生量 | BV7: 【備考欄】
F8: ｔ | J8: ｔ | M8: 本 | O8: 回 | AD8: その他 | AL8: 5 | AN8: 本 | AQ8: hr | AT8: hr | AV8: ５C/R | AZ8: 450 | BD8: 461 | BI8: 1454 | BN8: 0 | BR8: 0
B9: ＃２ | D9: 202.384 | G9: 978.852 | K9: W/D前 | N9: 1 | P9: N-09 ｂ7トラネクスト 100ｇ | AD9: W/D起因多発順 | AJ9: 本数 | AL9: 20 | AO9: 0.027777778 | AR9: 0 | BC9: 本 | BH9: 本 | BM9: 本 | BQ9: hr | BU9: kg
K10: 製 | L10: 7 | AD10: ①
K11: 保 | L11: 0 | AD11: ② | AV11: ８M/C | AZ11: 450 | BD11: 357 | BI11: 1179 | BN11: 0 | BR11: 0
K12: 計 | AD12: ③ | BC12: 本 | BH12: 本 | BM12: 本 | BQ12: hr | BU12: kg
F13: ｔ | J13: t | K13: 7 | M13: 本 | O13: 回 | AD13: その他 | AL13: 0 | AN13: 本 | AQ13: hr | AT13: hr
B14: 合計 | D14: 401.316 | F14: t | G14: 1960.764 | J14: t | K14: 損紙 | N14: 巻取 | P14: 2680 | T14: kg | U14: 累計 | W14: 47752 | AA14: kg | AB14: サイドラン | AF14: 0 | AJ14: 受入量 | AM14: 413 | AO14: ｔ | AP14: 歩留 | AR14: 97.170944 | AT14: % | AV14: ９M/C | AZ14: 780 | BD14: 347 | BI14: 347 | BN14: 0 | BR14: 0 | BV14: ※長期休転
B15: ＃1W/D | AH15: J・P補修本数 | AL15: 巻取量（ｔ） | AP15: 累計 | BC15: 本 | BH15: 本 | BM15: 本 | BQ15: hr | BU15: kg | BV15: 20:30_包装機運転開始
AH16: 0 | AL16: 393 | AP16: 968.3
B17: ＃2W/D | AH17: 補修率 | AL17: 平判量（ｔ） | AP17: 累計 | AV17: 既設 | BD17: 0 | BI17: 0 | BN17: 0 | BR17: 0
AH18: 0 | AL18: 8.316 | AP18: 992.464 | BH18: 本 | BM18: 本 | BQ18: hr | BU18: kg
K19: ワインダー処理本数 | Q19: 26 | T19: 本 | W19: 欠陥数 | Z19: J | AB19: 0 | AD19: P | AF19: 30 | AH19: S | AJ19: 2 | AL19: 他 | AN19: 31 | AP19: 合計 | AR19: 63
B20: （２）５C/Rカッター・平包 | AP20: 累計 | AR20: 290 | AV20: （７）4C/Rワインダー | BZ20: W/D前：(巻） | CE20: 0 | CG20: 本、(平） | CJ20: 0 | CL20: 本
B21: 号機 | D21: 平均 処理量 | F21: 処理量 | I21: 累計 | L21: 原反残 | O21: 寸法替 | P21: 枠替 | Q21: (A) | Y21: (B) | AG21: （C) | AO21: 停止時間 | AR21: 製品待ち時間 | AV21: 号機 | AX21: 処理量 | BA21: 累計 | BE21: 原反残 | BH21: 巾替 | BJ21: 銘柄・坪量 | BX21: 欠品本数・理由 | CF21: 欠累計 | CI21: 停止時間 | CL21: 製品待ち時間
Q22: 7 | V22: 12 | Y22: 15 | AB22: 18 | AG22: 23 | AK22: 3 | AV22: ＃１ | AX22: 0 | BA22: 0 | BE22: W/D前 | BH22: 0 | BX22: 前工程起因多発順 | CD22: 本数 | CF22: 0 | CI22: 0 | CL22: 0.29166667
B23: 1S/C | D23: 50 | F23: 27.8 | I23: 204.7 | L23: 系外 | O23: 1 | P23: 3 | W23: M | AO23: 0.7882 | AR23: 0 | BE23: 製 | BF23: 0 | BX23: ①
L24: 164 | Q24: b7 | S24: ﾅﾁｭﾗﾙ | W24: ﾅﾁｭﾗﾙ | Z24: 停止15～7 | BE24: 保 | BF24: 0 | BX24: ②
BE25: 計 | BX25: ③
Q26: 100 | S26: 75 | W26: 75 | AZ26: ｔ | BD26: ｔ | BE26: 0 | BG26: 本 | BI26: 回 | BX26: その他 | CH26: 本 | CK26: hr | CN26: hr
Q27: 4/6 | S27: 4/6 | W27: ｷｸ | AV27: 損紙 | AX27: 巻取 | BA27: 0 | BE27: kg | BF27: 累計 | BH27: 0 | BL27: kg | BM27: サイドラン | BQ27: 0 | BW27: ㎏ | BX27: W/D起因多発順 | CD27: 本数 | CF27: 受入量 | CH27: 0 | CJ27: t 歩留 | CN27: %
E28: ｔ | H28: ｔ | K28: ｔ | N28: 本 | O28: 回 | P28: 回 | Q28: T3 | S28: T3 | T28: 60→100m | W28: T3 | AQ28: hr | AT28: hr | AV28: 直外日 | BX28: ① | CF28: 巻取重量（ｔ） | CJ28: 累計
B29: ２S/C | D29: 50 | F29: 65.6 | I29: 374.1 | L29: 中間倉庫 | O29: 0 | P29: 13 | AO29: 0.3229 | AR29: 0 | BX29: ② | CF29: 0 | CJ29: 0
L30: 245 | Q30: b7 | S30: b7 | AI30: ﾅﾁｭﾗﾙ | BX30: ③ | CF30: その他重量（ｔ） | CJ30: 累計
AV31: ワインダー処理本数 | BB31: 0 | BE31: 本 | BX31: その他 | CF31: 0 | CJ31: 0
Q32: 115 | S32: 140 | AI32: 92 | AV32: （８）既設カッター・平包
Q33: ｷｸ | S33: ｷｸ | AI33: ｷｸ | AV33: 号機 | AX33: 平均 処理量 | AZ33: 処理量 | BC33: 累計 | BF33: 原反残 | BI33: 寸法替 | BJ33: 枠替 | BK33: (A) | BS33: (B) | CA33: （C) | CI33: 停止時間 | CL33: 製品待ち時間
E34: ｔ | H34: ｔ | K34: ｔ | N34: 本 | O34: 回 | P34: 回 | Q34: Y2 | S34: Y2 | W34: 100m | AE34: 90m | AI34: Y2 | AM34: 100m | AQ34: hr | AT34: hr | BK34: 7 | BP34: 12 | BS34: 15 | BV34: 18 | CA34: 23 | CE34: 3
B35: ３S/C | D35: 42 | F35: 58.6 | I35: 227 | L35: 損紙 | O35: 1 | P35: 12 | V35: M | AO35: 0.3785 | AR35: 0 | AV35: 4D/C | AX35: 151 | AZ35: 0 | BC35: 42.979 | BF35: 総本数 | BI35: 0 | BJ35: 0 | CI35: 0.875 | CL35: 0
L36: 0 | Q36: ﾅﾁｭﾗﾙ | V36: ﾅﾁｭﾗﾙ | AI36: ﾅﾁｭﾗﾙ | BF36: 0
BN37: 休転 | BV37: 休転 | CD37: 休転
Q38: 115 | V38: 115 | AI38: 83
Q39: A本 | V39: 4/6 | AI39: 4/6
E40: ｔ | H40: ｔ | K40: ｔ | N40: 本 | O40: 回 | P40: 回 | Q40: T2 | S40: 115m | V40: T2 | W40: 135m | AE40: 110m | AI40: T2 | AK40: 110～130ｍ | AQ40: hr | AT40: hr | AY40: ｔ | BB40: ｔ | BE40: ｔ | BH40: 本 | BI40: 回 | BJ40: 回 | BK40: 断裁SP | BN40: 0 | BQ40: m/min | BS40: 断裁SP | BV40: 0 | BY40: m/min | CA40: 断裁SP | CD40: 0 | CG40: m/min | CK40: hr | CN40: hr
B41: 合計 | D41: 142 | F41: 152 | I41: 805.8 | L41: 損紙 | P41: パルパー移送量 | T41: 36000 | AA41: kg | AB41: 平判 | AD41: 0 | AI41: kg | AJ41: 損紙カット | AN41: 0 | AT41: kg | AV41: 5D/C | AX41: - | AZ41: 0 | BC41: 0 | BF41: 上質 | BI41: 0 | BJ41: 0 | CI41: 0 | CL41: 0
B42: 号機 | E42: 平均処理量 | J42: 処理量 | O42: 累計 | U42: 包装前台数 | Y42: 寸法替 | AB42: ラベル替 | AE42: ワンプ替 | AH42: 停止時間 | AK42: 製品待ち時間 | AN42: 損紙発生量 | BF42: 0 | BH42: 本
B43: ＃１平包 | E43: 4000 | J43: 2,660 包 (52 t) | O43: 14,585 包 (294 t) | U43: 78 | Y43: 1 | AB43: 2 | AE43: 2 | AH43: 0.055555556 | AK43: 0 | AN43: 0 | BV43: 停止
BF44: コート
B45: ＃２平包 | E45: 4000 | J45: 3,093 包 (59 t) | O45: 15,815 包 (268 t) | Y45: 1 | AB45: 0 | AE45: 2 | AH45: 0.041666667 | AK45: 0 | AS45: kg | BF45: 0 | BH45: 本
AY46: ｔ | BB46: ｔ | BE46: ｔ | BI46: 回 | BJ46: 回 | BK46: 断裁SP | BN46: 0 | BQ46: m/min | BS46: 断裁SP | BV46: 0 | BY46: m/min | CA46: 断裁SP | CD46: 0 | CG46: m/min | CK46: hr | CN46: hr
B47: ＃３平包 | E47: - | J47: 0 包 (0 t) | O47: 0 包 (0 t) | Y47: 0 | AB47: 0 | AE47: 0 | AH47: 0 | AK47: 0 | AV47: 合計 | AX47: 151 | AZ47: 0 | BC47: 42.979 | BF47: 損紙 | BI47: 上質 | BK47: 0 | BN47: kg | BO47: 累計 | BQ47: 0 | BT47: kg | BU47: コート紙 | BX47: 0 | CA47: kg | CB47: 累計 | CD47: 0 | CG47: kg | CH47: サイドラン | CL47: 0
AV48: 【備考欄】 | AY48: ※長期休転 | CH48: 損紙カット | CL48: 0
B49: 合計 | E49: 8000 | J49: 5,753 包 (111 t) | O49: 30,400 包 (562 t) | U49: 2660 | V49: 0 | X49: 台 | Y49: 回 | AB49: 回 | AE49: 回 | AJ49: hr | AM49: hr
U50: 3093 | CE50: カッター処理本数 | CK50: 0 | CM50: 本
B51: カッタ | Y51: 平包 | AB51: ＃3平包機停止 | AV51: 号機 | AY51: 平均処理量 | BD51: 処理量 | BI51: 累計 | BO51: 包装前台数 | BS51: 寸法替 | BV51: ラベル替 | BY51: ワンプ替 | CB51: 停止時間 | CE51: 製品待ち時間
AV52: ＃１平包 | AY52: 4900 | BC52: 包 | BD52: 0 包 (0 t) | BI52: 1,636 包 (29 t) | BO52: 2 | BS52: 0 | BV52: 0 | BY52: 0 | CB52: 0 | CE52: 0.875
AP54: AGF4号車休車 | AV54: 0 | AW54: 1636 | AY54: 0 | AZ54: 28.706625 | BS54: 回 | BV54: 回 | BY54: 回 | CD54: hr | CG54: hr | CH54: 損紙発生量
AV55: ＃２平包 | AY55: 1000 | BC55: 包 | BD55: 0 包 (0 t) | BI55: 466 包 (9 t) | BS55: 0 | BV55: 0 | BY55: 0 | CB55: 0 | CE55: 0.29166667 | CH55: 0
B56: （３）仕上２Ｇ
B57: 下台数 | F57: 総台数 | J57: 下の比率 | N57: 格付『下』内容 | AV57: 0 | AW57: 466 | AY57: 0 | AZ57: 8.79525 | BO57: 台 | BS57: 回 | BV57: 回 | BY57: 回 | CD57: hr | CG57: hr | CM57: kg
B58: 20 | F58: 257 | J58: 7.7821012 | N58: 仕上要因 | AD58: 前工程要因 | AV58: 合計 | AY58: 5900 | BC58: 包 | BD58: 0 包 (0 t) | BI58: 2,102 包 (38 t) | CO58: 仕上１G | CY58: 仕上2G
N59: つまみ | U59: 6 | V59: 荷姿不良 | AC59: 1 | AD59: ストリーク | AL59: 2 | CO59: 仕上要因4位以下合計 | CY59: 仕上要因4位以下合計
N60: 青紙 | U60: 6 | AD60: くっつき | AL60: 2 | AV60: ＃１平包 | AZ60: ※長期休転 | CO60: =BO69+BO70+BW66+BW67+BW68+BW69+BW70 -> 0 | CY60: =U62+U63+AC59+AC60+AC61+AC62+AC63 -> 3
N61: 寸法不良 | U61: 1 | AV61: ＃２平包 | AZ61: ※長期休転 | CO61: 前工程要因4位以下合計 | CY61: 前工程要因4位以下合計
N62: 汚れ | U62: 1 | CO62: =CF69+CF70+CN66+CN67+CN68+CN69+CN70 -> 0 | CY62: =AL62+AL63+AT59+AT60+AT61+AT62+AT63 -> 0
B63: 台 | F63: 台 | M63: % | N63: カウンタ不良 | U63: 1 | AM63: ウエットストリーク | AT63: 0 | AV63: （９）仕上１Ｇ
G64: 処理数 | K64: 累計 | P64: 未選別台数 | T64: 未仕上台数 | X64: 損紙発生量 | AK64: スキッド包装台数及び入庫重量 | AV64: 下台数 | AZ64: 総台数 | BD64: 下の比率 | BH64: 格付『下』内容
B65: ＃2積替機 | G65: 5 | J65: ｔ | K65: 24 | O65: ｔ | P65: 171 | T65: 251 | X65: 実績 | Y65: 11 | AC65: 台 | AD65: 実績 | AE65: 6600 | AJ65: kg | AK65: スキッド包装台数 | AP65: スキッド包装台数累計 | AV65: 0 | AZ65: 0 | BD65: - | BH65: 仕上要因 | BX65: 前工程要因
AK66: 53 | AP66: 137
B67: ＃2枚数読機 | G67: 0 | J67: ｔ | K67: 0 | O67: ｔ
X68: 累計 | Y68: 34 | AC68: 台 | AD68: 累計 | AE68: 20400 | AJ68: kg | AK68: 入庫重量（ｔ） | AP68: 入庫重量累計
B69: ＃2紙揃機 | G69: 0 | K69: - | AK69: 140 | AP69: 706
J70: 台 | S70: 台 | W70: 台 | AV70: 台 | AZ70: 台 | BG70: %
BA71: 処理数 | BE71: 累計 | BJ71: 未選別台数 | BN71: 未仕上台数 | BR71: 損紙発生量 | CE71: スキッド包装台数及び入庫重量
B72: （４）生産高 | AQ72: 単位: （t） | AV72: ＃1積替機 | BA72: 0 | BD72: ｔ | BE72: 0 | BI72: ｔ | BJ72: 4 | BM72: 台 | BN72: 4 | BQ72: 台 | BR72: 実績 | BS72: 0 | BW72: 台 | BX72: 実績 | BY72: 0 | CD72: kg | CE72: スキッド包装台数 | CJ72: スキッド包装台数累計
G73: =VALUE(SUBSTITUTE(MID(CELL("filename",$A$1),FIND("]",CELL("filename",$A$1))+1,LEN(CELL("filename",$A$1))),"日","")) -> 5 | K73: 生産高 | S73: 累 計 | AE73: 月次計画 (目標) | AM73: 月次計画 | AQ73: 目標対実績 | AV73: ＃1枚数読機 | BA73: 0 | BD73: ｔ | BE73: 0 | BI73: ｔ | CE73: 0 | CJ73: 0
B74: 設備 | G74: 実績 | K74: 計画 | O74: 増減 | S74: 実績 | W74: 計画 | AA74: 差異 | AE74: 数量 | AI74: 日数 | AM74: 数量 | AQ74: 数量 | AV74: ＃1紙揃機 | BA74: 0 | BD74: 台 | BE74: - | BR74: 累計 | BS74: 0 | BW74: 台 | BX74: 累計 | BY74: 0 | CD74: kg | CE74: 入庫重量（ｔ） | CJ74: 入庫重量累計
B75: 既設カッター | G75: =AZ35 -> 0 | K75: 0 | O75: =G75-K75 -> 0 | S75: =BC47 -> 42.979 | W75: =K75*($G$73-5) -> 0 | AA75: =S75-W75 -> 42.979 | AE75: =AM75/0.95 -> 2330.5263 | AI75: =1日!AI75 -> 21 | AM75: =1日!AM75 -> 2214 | AQ75: =S75-AE75 -> -2287.5473 | CE75: 0 | CJ75: 39
B76: ５C/Rワインダー | G76: =D14 -> 401.316 | K76: =AE76/AI76 -> 408.82852 | O76: =G76-K76 -> -7.5125229 | S76: =G14 -> 1960.764 | W76: =K76*$G$73 -> 2044.1426 | AA76: =S76-W76 -> -83.378615 | AE76: =AM76/0.95 -> 12673.684 | AI76: =1日!AI76 -> 31 | AM76: =1日!AM76 -> 12040 | AQ76: =S76-AE76 -> -10712.92 | AV76: 仕上1G | AZ76: スキッド残：0台（内積上げ：0台） | BR76: 仕上2G | BV76: スキッド残：26台
B77: ５C/Rカッター | G77: =F41 -> 152 | K77: =AE77/AI77 -> 142.10526 | O77: =G77-K77 -> 9.8947368 | S77: =I41 -> 805.8 | W77: =K77*$G$73 -> 710.52632 | AA77: =S77-W77 -> 95.273684 | AE77: =AM77/0.95 -> 4405.2632 | AI77: =1日!AI77 -> 31 | AM77: =1日!AM77 -> 4185 | AQ77: =S77-AE77 -> -3599.4632

Sheet 6日
E1: 仕上操業報告書 | AV1: （５）損紙発生量合計 | CL1: 日本製紙岩国サポート(株）
B2: （１）５C/Rワインダー | N2: C/R前：(巻） | S2: 7 | U2: 本、(平） | X2: 2 | Z2: 本 | AC2: W/D前：(巻） | AH2: 5 | AJ2: 本、(平） | AM2: 4 | AO2: 本、(保） | AR2: 0 | AT2: 本 | AV2: 5CR | BM2: 既設 | CC2: =1日!CC2 -> 2026 | CG2: =1日!CG2 -> 7 | CI2: 月 | CK2: =VALUE(SUBSTITUTE(MID(CELL("filename",$A$1),FIND("]",CELL("filename",$A$1))+1,LEN(CELL("filename",$A$1))),"日","")) -> 6 | CM2: 日
B3: 号機 | D3: 処理量 | G3: 累計 | K3: 原反残 | N3: 巾替 | P3: 銘柄・坪量 | AB3: 欠数 | AD3: 欠品本数・理由 | AL3: 欠累計 | AO3: 停止時間 | AR3: 製品待ち時間 | AV3: サイドラン損紙 | BD3: 発生損紙 | BM3: サイドラン損紙 | BU3: 発生損紙
B4: ＃１ | D4: 184.832 | G4: 1166.744 | K4: C/R前 | N4: 3 | P4: N-10 ｂ7トラネクスト 75ｇ | AB4: 5 | AD4: 前工程起因多発順 | AJ4: 本数 | AL4: 68 | AO4: 0.083333333 | AR4: 0 | AV4: 実績 | AX4: =AF14 -> 0 | BD4: 実績 | BF4: =P14+AD41+AN43+AE65+BR8 -> 25802 | BM4: 実績 | BO4: =BQ27+CL47 -> 0 | BU4: 実績 | BW4: =BA27+BK47+BX47+CH55+BY72+BR17 -> 1200
K5: 9 | P5: N-11 ｂ7トラネクスト 65ｇ | AB5: 3 | AD5: ① | AF5: P | AJ5: 13 | AV5: 累計 | AX5: =SUM('1日:6日'!ax4) -> #NAME? | BD5: 累計 | BF5: =SUM('1日:6日'!bf4) -> #NAME? | BM5: 累計 | BO5: =SUM('1日:6日'!bo4) -> #NAME? | BU5: 累計 | BW5: =SUM('1日:6日'!bw4) -> #NAME?
P6: N-16 ユーライト 81.4ｇ | AD6: ② | AF6: 黒スジ | AJ6: 10 | AV6: （６）巻取包装
AD7: ③ | AF7: 虫 | AJ7: 3 | AV7: 号機 | AZ7: 平均処理量 | BD7: 処理量 | BI7: 累計 | BN7: 停止時間 | BR7: 損紙発生量 | BV7: 【備考欄】
F8: ｔ | J8: ｔ | M8: 本 | O8: 回 | AD8: その他 | AF8: 連続欠陥、S、シワ、水飛散 | AJ8: 8 | AL8: 8 | AN8: 本 | AQ8: hr | AT8: hr | AV8: ５C/R | AZ8: 450 | BD8: 558 | BI8: 2012 | BN8: 0 | BR8: 0
B9: ＃２ | D9: 176.136 | G9: 1154.988 | K9: W/D前 | N9: 0 | P9: N-34 ｂ7トラネクスト 65ｇ | AB9: 21 | AD9: W/D起因多発順 | AJ9: 本数 | AL9: 46 | AO9: 0 | AR9: 0.041666667 | BC9: 本 | BH9: 本 | BM9: 本 | BQ9: hr | BU9: kg
K10: 製 | L10: 9 | P10: N-11 ｂ7トラネクスト 65ｇ | AB10: 5 | AD10: ①
K11: 保 | L11: 0 | AD11: ② | AV11: ８M/C | AZ11: 450 | BD11: 410 | BI11: 1589 | BN11: 0 | BR11: 0
K12: 計 | AD12: ③ | BC12: 本 | BH12: 本 | BM12: 本 | BQ12: hr | BU12: kg
F13: ｔ | J13: t | K13: 9 | M13: 本 | O13: 回 | AD13: その他 | AL13: 26 | AN13: 本 | AQ13: hr | AT13: hr
B14: 合計 | D14: 360.968 | F14: t | G14: 2321.732 | J14: t | K14: 損紙 | N14: 巻取 | P14: 16802 | T14: kg | U14: 累計 | W14: 64554 | AA14: kg | AB14: サイドラン | AF14: 0 | AJ14: 受入量 | AM14: 381 | AO14: ｔ | AP14: 歩留 | AR14: 94.742257 | AT14: % | AV14: ９M/C | AZ14: 780 | BD14: 1125 | BI14: 1472 | BN14: 0 | BR14: 0
B15: ＃1W/D | F15: 紙管入荷待ち 13：10～14：10 1H停止 | AH15: J・P補修本数 | AL15: 巻取量（ｔ） | AP15: 累計 | BC15: 本 | BH15: 本 | BM15: 本 | BQ15: hr | BU15: kg
AH16: 2 | AL16: 346 | AP16: 1314.3
B17: ＃2W/D | F17: 製品待ち 6：00～7：00 1H | AH17: 補修率 | AL17: 平判量（ｔ） | AP17: 累計 | AV17: 既設 | BD17: 0 | BI17: 0 | BN17: 0 | BR17: 0 | BV17: 直外日
AH18: 1 | AL18: 14.968 | AP18: 1007.432 | BH18: 本 | BM18: 本 | BQ18: hr | BU18: kg
K19: ワインダー処理本数 | Q19: 18 | T19: 本 | W19: 欠陥数 | Z19: J | AB19: 0 | AD19: P | AF19: 27 | AH19: S | AJ19: 1 | AL19: 他 | AN19: 33 | AP19: 合計 | AR19: 61
B20: （２）５C/Rカッター・平包 | AP20: 累計 | AR20: 351 | AV20: （７）4C/Rワインダー | BZ20: W/D前：(巻） | CE20: 0 | CG20: 本、(平） | CJ20: 0 | CL20: 本
B21: 号機 | D21: 平均 処理量 | F21: 処理量 | I21: 累計 | L21: 原反残 | O21: 寸法替 | P21: 枠替 | Q21: (A) | Y21: (B) | AG21: （C) | AO21: 停止時間 | AR21: 製品待ち時間 | AV21: 号機 | AX21: 処理量 | BA21: 累計 | BE21: 原反残 | BH21: 巾替 | BJ21: 銘柄・坪量 | BX21: 欠品本数・理由 | CF21: 欠累計 | CI21: 停止時間 | CL21: 製品待ち時間
Q22: 7 | V22: 12 | Y22: 15 | AB22: 18 | AG22: 23 | AK22: 3 | AV22: ＃１ | AX22: 0 | BA22: 0 | BE22: W/D前 | BH22: 0 | BX22: 前工程起因多発順 | CD22: 本数 | CF22: 0 | CI22: 0 | CL22: 0
B23: 1S/C | D23: 50 | F23: 25.2 | I23: 229.8 | L23: 系外 | O23: 1 | P23: 4 | S23: M | AO23: 0.816 | AR23: 0 | BE23: 製 | BF23: 0 | BX23: ①
L24: 152 | Q24: ﾅﾁｭﾗﾙ | S24: b7 | V24: ﾅﾁｭﾗﾙ | Y24: 停止15～7 | BE24: 保 | BF24: 0 | BX24: ②
BE25: 計 | BX25: ③
Q26: 75 | S26: 140 | V26: 100 | AZ26: ｔ | BD26: ｔ | BE26: 0 | BG26: 本 | BI26: 回 | BX26: その他 | CH26: 本 | CK26: hr | CN26: hr
Q27: ｷｸ | S27: A本 | V27: A本 | AV27: 損紙 | AX27: 巻取 | BA27: 0 | BE27: kg | BF27: 累計 | BH27: 0 | BL27: kg | BM27: サイドラン | BQ27: 0 | BW27: ㎏ | BX27: W/D起因多発順 | CD27: 本数 | CF27: 受入量 | CH27: 0 | CJ27: t 歩留 | CN27: %
E28: ｔ | H28: ｔ | K28: ｔ | N28: 本 | O28: 回 | P28: 回 | Q28: T3 | S28: T3 | V28: T3 | W28: 100ｍ | AQ28: hr | AT28: hr | AV28: 直外日 | BX28: ① | CF28: 巻取重量（ｔ） | CJ28: 累計
B29: ２S/C | D29: 50 | F29: 85.1 | I29: 459.2 | L29: 中間倉庫 | O29: 0 | P29: 12 | AO29: 0.309 | AR29: 0 | BX29: ② | CF29: 0 | CJ29: 0
L30: 113 | Q30: ﾅﾁｭﾗﾙ | V30: ﾅﾁｭﾗﾙ | AK30: ﾅﾁｭﾗﾙ | BX30: ③ | CF30: その他重量（ｔ） | CJ30: 累計
AV31: ワインダー処理本数 | BB31: 0 | BE31: 本 | BX31: その他 | CF31: 0 | CJ31: 0
Q32: 92 | V32: 100 | AK32: 115 | AV32: （８）既設カッター・平包
Q33: ｷｸ | V33: ｷｸ | AK33: ｷｸ | AV33: 号機 | AX33: 平均 処理量 | AZ33: 処理量 | BC33: 累計 | BF33: 原反残 | BI33: 寸法替 | BJ33: 枠替 | BK33: (A) | BS33: (B) | CA33: （C) | CI33: 停止時間 | CL33: 製品待ち時間
E34: ｔ | H34: ｔ | K34: ｔ | N34: 本 | O34: 回 | P34: 回 | Q34: Y2 | V34: Y2 | W34: 100ｍ | AE34: 100ｍ | AK34: Y2 | AM34: 100ｍ | AQ34: hr | AT34: hr | BK34: 7 | BP34: 12 | BS34: 15 | BV34: 18 | CA34: 23 | CE34: 3
B35: ３S/C | D35: 42 | F35: 57.4 | I35: 284.4 | L35: 損紙 | O35: 3 | P35: 12 | V35: M | AA35: M | AM35: M | AO35: 0.3715 | AR35: 0 | AV35: 4D/C | AX35: 151 | AZ35: 0 | BC35: 42.979 | BF35: 総本数 | BI35: 0 | BJ35: 0 | CI35: 0.875 | CL35: 0
L36: 0 | Q36: ﾅﾁｭﾗﾙ | V36: ﾅﾁｭﾗﾙ | AA36: b7 | AI36: ﾅﾁｭﾗﾙ | AM36: b7 | BF36: 0
BN37: 休転 | BV37: 休転 | CD37: 休転
Q38: 83 | V38: 92 | AA38: 83 | AI38: 92 | AM38: 115
Q39: 4/6 | V39: ｷｸ | AA39: 4/6 | AI39: 4/6 | AM39: ｷｸ
E40: ｔ | H40: ｔ | K40: ｔ | N40: 本 | O40: 回 | P40: 回 | Q40: T2 | T40: 130ｍ | V40: T2 | W40: 110ｍ | AA40: Y1 | AE40: 110m | AI40: Y1 | AK40: 130ｍ | AM40: Y1 | AQ40: hr | AT40: hr | AY40: ｔ | BB40: ｔ | BE40: ｔ | BH40: 本 | BI40: 回 | BJ40: 回 | BK40: 断裁SP | BN40: 0 | BQ40: m/min | BS40: 断裁SP | BV40: 0 | BY40: m/min | CA40: 断裁SP | CD40: 0 | CG40: m/min | CK40: hr | CN40: hr
B41: 合計 | D41: 142 | F41: 167.7 | I41: 973.4 | L41: 損紙 | P41: パルパー移送量 | T41: 41400 | AA41: kg | AB41: 平判 | AD41: 0 | AI41: kg | AJ41: 損紙カット | AN41: 0 | AT41: kg | AV41: 5D/C | AX41: - | AZ41: 0 | BC41: 0 | BF41: 上質 | BI41: 0 | BJ41: 0 | CI41: 0 | CL41: 0
B42: 号機 | E42: 平均処理量 | J42: 処理量 | O42: 累計 | U42: 包装前台数 | Y42: 寸法替 | AB42: ラベル替 | AE42: ワンプ替 | AH42: 停止時間 | AK42: 製品待ち時間 | AN42: 損紙発生量 | BF42: 0 | BH42: 本
B43: ＃１平包 | E43: 4000 | J43: 5,148 包 (77 t) | O43: 19,733 包 (371 t) | U43: 220 | Y43: 0 | AB43: 0 | AE43: 1 | AH43: 0.013888889 | AK43: 0 | AN43: 0 | BV43: 停止
BF44: コート
B45: ＃２平包 | E45: 4000 | J45: 2,848 包 (47 t) | O45: 18,663 包 (314 t) | Y45: 0 | AB45: 0 | AE45: 0 | AH45: 0 | AK45: 0 | AS45: kg | BF45: 0 | BH45: 本
AY46: ｔ | BB46: ｔ | BE46: ｔ | BI46: 回 | BJ46: 回 | BK46: 断裁SP | BN46: 0 | BQ46: m/min | BS46: 断裁SP | BV46: 0 | BY46: m/min | CA46: 断裁SP | CD46: 0 | CG46: m/min | CK46: hr | CN46: hr
B47: ＃３平包 | E47: - | J47: 0 包 (0 t) | O47: 0 包 (0 t) | Y47: 0 | AB47: 0 | AE47: 0 | AH47: 0 | AK47: 0 | AV47: 合計 | AX47: 151 | AZ47: 0 | BC47: 42.979 | BF47: 損紙 | BI47: 上質 | BK47: 0 | BN47: kg | BO47: 累計 | BQ47: 0 | BT47: kg | BU47: コート紙 | BX47: 0 | CA47: kg | CB47: 累計 | CD47: 0 | CG47: kg | CH47: サイドラン | CL47: 0
AV48: 【備考欄】 | AY48: ※長期休転 | CH48: 損紙カット | CL48: 0
B49: 合計 | E49: 8000 | J49: 7,996 包 (123 t) | O49: 38,396 包 (685 t) | U49: 5148 | V49: 0 | X49: 台 | Y49: 回 | AB49: 回 | AE49: 回 | AJ49: hr | AM49: hr | AV49: ・S側ベイクライト取替 (ﾀﾞｲﾜｴﾝｼﾞﾆｱﾘﾝｸﾞ) ・ウォームロール取替（松本鉄工）
U50: 2848 | CE50: カッター処理本数 | CK50: 0 | CM50: 本
B51: カッタ | Y51: 平包 | AB51: ＃3平包機停止 | AV51: 号機 | AY51: 平均処理量 | BD51: 処理量 | BI51: 累計 | BO51: 包装前台数 | BS51: 寸法替 | BV51: ラベル替 | BY51: ワンプ替 | CB51: 停止時間 | CE51: 製品待ち時間
AV52: ＃１平包 | AY52: 4900 | BC52: 包 | BD52: 0 包 (0 t) | BI52: 1,636 包 (29 t) | BO52: 0 | BS52: 0 | BV52: 0 | BY52: 0 | CB52: 0 | CE52: 0.875
AP54: AGF4号車休車 | AV54: 0 | AW54: 1636 | AY54: 0 | AZ54: 28.706625 | BS54: 回 | BV54: 回 | BY54: 回 | CD54: hr | CG54: hr | CH54: 損紙発生量
AV55: ＃２平包 | AY55: 1000 | BC55: 包 | BD55: 0 包 (0 t) | BI55: 466 包 (9 t) | BS55: 0 | BV55: 0 | BY55: 0 | CB55: 0 | CE55: 0 | CH55: 0
B56: （３）仕上２Ｇ
B57: 下台数 | F57: 総台数 | J57: 下の比率 | N57: 格付『下』内容 | AV57: 0 | AW57: 466 | AY57: 0 | AZ57: 8.79525 | BO57: 台 | BS57: 回 | BV57: 回 | BY57: 回 | CD57: hr | CG57: hr | CM57: kg
B58: 11 | F58: 286 | J58: 3.8461538 | N58: 仕上要因 | AD58: 前工程要因 | AV58: 合計 | AY58: 5900 | BC58: 包 | BD58: 0 包 (0 t) | BI58: 2,102 包 (38 t) | CO58: 仕上１G | CY58: 仕上2G
N59: つまみ | U59: 2 | AD59: ストリーク | AL59: 3 | CO59: 仕上要因4位以下合計 | CY59: 仕上要因4位以下合計
N60: 汚れ | U60: 2 | AD60: タイヤマーク | AL60: 1 | AV60: ＃１平包 | CO60: =BO69+BO70+BW66+BW67+BW68+BW69+BW70 -> 0 | CY60: =U62+U63+AC59+AC60+AC61+AC62+AC63 -> 1
N61: 不揃い | U61: 2 | AV61: ＃２平包 | CO61: 前工程要因4位以下合計 | CY61: 前工程要因4位以下合計
N62: カウンタ不良 | U62: 1 | CO62: =CF69+CF70+CN66+CN67+CN68+CN69+CN70 -> 0 | CY62: =AL62+AL63+AT59+AT60+AT61+AT62+AT63 -> 0
B63: 台 | F63: 台 | M63: % | AM63: ウエットストリーク | AT63: 0 | AV63: （９）仕上１Ｇ
G64: 処理数 | K64: 累計 | P64: 未選別台数 | T64: 未仕上台数 | X64: 損紙発生量 | AK64: スキッド包装台数及び入庫重量 | AV64: 下台数 | AZ64: 総台数 | BD64: 下の比率 | BH64: 格付『下』内容
B65: ＃2積替機 | G65: 9 | J65: ｔ | K65: 33 | O65: ｔ | P65: 110 | T65: 172 | X65: 実績 | Y65: 15 | AC65: 台 | AD65: 実績 | AE65: 9000 | AJ65: kg | AK65: スキッド包装台数 | AP65: スキッド包装台数累計 | AV65: 0 | AZ65: 0 | BD65: - | BH65: 仕上要因 | BX65: 前工程要因
AK66: 19 | AP66: 156
B67: ＃2枚数読機 | G67: 0 | J67: ｔ | K67: 0 | O67: ｔ
X68: 累計 | Y68: 49 | AC68: 台 | AD68: 累計 | AE68: 29400 | AJ68: kg | AK68: 入庫重量（ｔ） | AP68: 入庫重量累計
B69: ＃2紙揃機 | G69: 0 | K69: - | AK69: 162 | AP69: 868
J70: 台 | S70: 台 | W70: 台 | AV70: 台 | AZ70: 台 | BG70: %
BA71: 処理数 | BE71: 累計 | BJ71: 未選別台数 | BN71: 未仕上台数 | BR71: 損紙発生量 | CE71: スキッド包装台数及び入庫重量
B72: （４）生産高 | AQ72: 単位: （t） | AV72: ＃1積替機 | BA72: 0 | BD72: ｔ | BE72: 0 | BI72: ｔ | BJ72: 1 | BM72: 台 | BN72: 7 | BQ72: 台 | BR72: 実績 | BS72: 2 | BW72: 台 | BX72: 実績 | BY72: 1200 | CD72: kg | CE72: スキッド包装台数 | CJ72: スキッド包装台数累計
G73: =VALUE(SUBSTITUTE(MID(CELL("filename",$A$1),FIND("]",CELL("filename",$A$1))+1,LEN(CELL("filename",$A$1))),"日","")) -> 6 | K73: 生産高 | S73: 累 計 | AE73: 月次計画 (目標) | AM73: 月次計画 | AQ73: 目標対実績 | AV73: ＃1枚数読機 | BA73: 0 | BD73: ｔ | BE73: 0 | BI73: ｔ | CE73: 0 | CJ73: 0
B74: 設備 | G74: 実績 | K74: 計画 | O74: 増減 | S74: 実績 | W74: 計画 | AA74: 差異 | AE74: 数量 | AI74: 日数 | AM74: 数量 | AQ74: 数量 | AV74: ＃1紙揃機 | BA74: 0 | BD74: 台 | BE74: - | BR74: 累計 | BS74: 2 | BW74: 台 | BX74: 累計 | BY74: 1200 | CD74: kg | CE74: 入庫重量（ｔ） | CJ74: 入庫重量累計
B75: 既設カッター | G75: =AZ35 -> 0 | K75: 0 | O75: =G75-K75 -> 0 | S75: =BC47 -> 42.979 | W75: =K75*($G$73-5) -> 0 | AA75: =S75-W75 -> 42.979 | AE75: =AM75/0.95 -> 2330.5263 | AI75: =1日!AI75 -> 21 | AM75: =1日!AM75 -> 2214 | AQ75: =S75-AE75 -> -2287.5473 | CE75: 0 | CJ75: 39
B76: ５C/Rワインダー | G76: =D14 -> 360.968 | K76: =AE76/AI76 -> 408.82852 | O76: =G76-K76 -> -47.860523 | S76: =G14 -> 2321.732 | W76: =K76*$G$73 -> 2452.9711 | AA76: =S76-W76 -> -131.23914 | AE76: =AM76/0.95 -> 12673.684 | AI76: =1日!AI76 -> 31 | AM76: =1日!AM76 -> 12040 | AQ76: =S76-AE76 -> -10351.952 | AV76: 仕上1G | AZ76: スキッド残：0台（内積上げ：0台） | BR76: 仕上2G | BV76: スキッド残：1台
B77: ５C/Rカッター | G77: =F41 -> 167.7 | K77: =AE77/AI77 -> 142.10526 | O77: =G77-K77 -> 25.594737 | S77: =I41 -> 973.4 | W77: =K77*$G$73 -> 852.63158 | AA77: =S77-W77 -> 120.76842 | AE77: =AM77/0.95 -> 4405.2632 | AI77: =1日!AI77 -> 31 | AM77: =1日!AM77 -> 4185 | AQ77: =S77-AE77 -> -3431.8632

Sheet 7日
E1: 仕上操業報告書 | AV1: （５）損紙発生量合計 | CL1: 日本製紙岩国サポート(株）
B2: （１）５C/Rワインダー | N2: C/R前：(巻） | S2: 8 | U2: 本、(平） | X2: 0 | Z2: 本 | AC2: W/D前：(巻） | AH2: 11 | AJ2: 本、(平） | AM2: 0 | AO2: 本、(保） | AR2: 0 | AT2: 本 | AV2: 5CR | BM2: 既設 | CC2: =1日!CC2 -> 2026 | CG2: =1日!CG2 -> 7 | CI2: 月 | CK2: =VALUE(SUBSTITUTE(MID(CELL("filename",$A$1),FIND("]",CELL("filename",$A$1))+1,LEN(CELL("filename",$A$1))),"日","")) -> 7 | CM2: 日
B3: 号機 | D3: 処理量 | G3: 累計 | K3: 原反残 | N3: 巾替 | P3: 銘柄・坪量 | AB3: 欠数 | AD3: 欠品本数・理由 | AL3: 欠累計 | AO3: 停止時間 | AR3: 製品待ち時間 | AV3: サイドラン損紙 | BD3: 発生損紙 | BM3: サイドラン損紙 | BU3: 発生損紙
B4: ＃１ | D4: 169.607 | G4: 1336.351 | K4: C/R前 | N4: 3 | P4: N-11 ｂ7トラネクスト 65ｇ | AB4: 2 | AD4: 前工程起因多発順 | AJ4: 本数 | AL4: 72 | AO4: 0.055555556 | AR4: 0 | AV4: 実績 | AX4: =AF14 -> 0 | BD4: 実績 | BF4: =P14+AD41+AN43+AE65+BR8 -> 19776 | BM4: 実績 | BO4: =BQ27+CL47 -> 0 | BU4: 実績 | BW4: =BA27+BK47+BX47+CH55+BY72+BR17 -> 600
K5: 8 | P5: N-17 オフリンユーライト 81.4ｇ | AB5: 2 | AD5: ① | AF5: 黒スジ | AJ5: 12 | AV5: 累計 | AX5: =SUM('1日:7日'!ax4) -> #NAME? | BD5: 累計 | BF5: =SUM('1日:7日'!bf4) -> #NAME? | BM5: 累計 | BO5: =SUM('1日:7日'!bo4) -> #NAME? | BU5: 累計 | BW5: =SUM('1日:7日'!bw4) -> #NAME?
AD6: ② | AF6: 汚れ | AJ6: 5 | AV6: （６）巻取包装
AD7: ③ | AF7: 虫 | AJ7: 4 | AV7: 号機 | AZ7: 平均処理量 | BD7: 処理量 | BI7: 累計 | BN7: 停止時間 | BR7: 損紙発生量 | BV7: 【備考欄】
F8: ｔ | J8: ｔ | M8: 本 | O8: 回 | AD8: その他 | AF8: P,シワ、油、連続欠陥 | AJ8: 7 | AL8: 4 | AN8: 本 | AQ8: hr | AT8: hr | AV8: ５C/R | AZ8: 450 | BD8: 441 | BI8: 2453 | BN8: 0 | BR8: 0
B9: ＃２ | D9: 190.811 | G9: 1345.799 | K9: W/D前 | N9: 1 | P9: N-11 ｂ7トラネクスト 65ｇ | AB9: 22 | AD9: W/D起因多発順 | AJ9: 本数 | AL9: 70 | AO9: 0.027777778 | AR9: 0 | BC9: 本 | BH9: 本 | BM9: 本 | BQ9: hr | BU9: kg
K10: 製 | L10: 11 | P10: N-17 オフリンユーライト 81.4ｇ | AB10: 2 | AD10: ①
K11: 保 | L11: 0 | AD11: ② | AV11: ８M/C | AZ11: 450 | BD11: 546 | BI11: 2135 | BN11: 0 | BR11: 0 | BV11: 内当挿入昇降不良 上昇昇降高圧電磁弁交換
K12: 計 | AD12: ③ | BC12: 本 | BH12: 本 | BM12: 本 | BQ12: hr | BU12: kg | CB12: 6:20～6:50 (0.5H)
F13: ｔ | J13: t | K13: 11 | M13: 本 | O13: 回 | AD13: その他 | AL13: 24 | AN13: 本 | AQ13: hr | AT13: hr
B14: 合計 | D14: 360.418 | F14: t | G14: 2682.15 | J14: t | K14: 損紙 | N14: 巻取 | P14: 14376 | T14: kg | U14: 累計 | W14: 78930 | AA14: kg | AB14: サイドラン | AF14: 0 | AJ14: 受入量 | AM14: 378 | AO14: ｔ | AP14: 歩留 | AR14: 95.348677 | AT14: % | AV14: ９M/C | AZ14: 780 | BD14: 932 | BI14: 2404 | BN14: 0 | BR14: 0 | BV14: 表面包装糊ロール巻付きﾌｨｰﾄﾞﾛｰﾙ開閉電磁弁交換
B15: ＃1W/D | F15: ＃4ステーション（F側）ヘッド交換 （自室） 7：45～8：30 45M停止 | AH15: J・P補修本数 | AL15: 巻取量（ｔ） | AP15: 累計 | BC15: 本 | BH15: 本 | BM15: 本 | BQ15: hr | BU15: kg | CE15: 20:30～21:30 (1H)
F16: 外側ステーションスイッチBOX動作確認（電気） 15：20～15：50 30M停止 | AH16: 1 | AL16: 240.2 | AP16: 1554.5
B17: ＃2W/D | F17: ＃2～＃7ステーション チャックノーズボルト交換 8：00～8：30 30M停止 | AH17: 補修率 | AL17: 平判量（ｔ） | AP17: 累計 | AV17: 既設 | BD17: 0 | BI17: 0 | BN17: 0 | BR17: 0
AH18: 1 | AL18: 120.218 | AP18: 1127.65 | BH18: 本 | BM18: 本 | BQ18: hr | BU18: kg
K19: ワインダー処理本数 | Q19: 18 | T19: 本 | W19: 欠陥数 | Z19: J | AB19: 1 | AD19: P | AF19: 6 | AH19: S | AJ19: 0 | AL19: 他 | AN19: 40 | AP19: 合計 | AR19: 47
B20: （２）５C/Rカッター・平包 | AP20: 累計 | AR20: 398 | AV20: （７）4C/Rワインダー | BZ20: W/D前：(巻） | CE20: 0 | CG20: 本、(平） | CJ20: 0 | CL20: 本
B21: 号機 | D21: 平均 処理量 | F21: 処理量 | I21: 累計 | L21: 原反残 | O21: 寸法替 | P21: 枠替 | Q21: (A) | Y21: (B) | AG21: （C) | AO21: 停止時間 | AR21: 製品待ち時間 | AV21: 号機 | AX21: 処理量 | BA21: 累計 | BE21: 原反残 | BH21: 巾替 | BJ21: 銘柄・坪量 | BX21: 欠品本数・理由 | CF21: 欠累計 | CI21: 停止時間 | CL21: 製品待ち時間
Q22: 7 | V22: 12 | Y22: 15 | AB22: 18 | AG22: 23 | AK22: 3 | AV22: ＃１ | AX22: 0 | BA22: 0 | BE22: W/D前 | BH22: 0 | BX22: 前工程起因多発順 | CD22: 本数 | CF22: 0 | CI22: 0 | CL22: 0.29166667
B23: 1S/C | D23: 50 | F23: 38.1 | I23: 267.9 | L23: 系外 | O23: 0 | P23: 4 | AO23: 0.5139 | AR23: 0 | BE23: 製 | BF23: 0 | BX23: ①
L24: 88 | Q24: ﾅﾁｭﾗﾙ | V24: ﾅﾁｭﾗﾙ | Y24: 停止15～23 | AJ24: b7 | BE24: 保 | BF24: 0 | BX24: ②
BE25: 計 | BX25: ③
Q26: 100 | V26: 83 | AJ26: 75 | AZ26: ｔ | BD26: ｔ | BE26: 0 | BG26: 本 | BI26: 回 | BX26: その他 | CH26: 本 | CK26: hr | CN26: hr
Q27: A本 | V27: A本 | AJ27: A本 | AV27: 損紙 | AX27: 巻取 | BA27: 0 | BE27: kg | BF27: 累計 | BH27: 0 | BL27: kg | BM27: サイドラン | BQ27: 0 | BW27: ㎏ | BX27: W/D起因多発順 | CD27: 本数 | CF27: 受入量 | CH27: 0 | CJ27: t 歩留 | CN27: %
E28: ｔ | H28: ｔ | K28: ｔ | N28: 本 | O28: 回 | P28: 回 | Q28: T3 | V28: T3 | W28: 80ｍ | AG28: 80m | AJ28: T3 | AM28: 90m | AQ28: hr | AT28: hr | BX28: ① | CF28: 巻取重量（ｔ） | CJ28: 累計
B29: ２S/C | D29: 50 | F29: 63.6 | I29: 522.8 | L29: 中間倉庫 | O29: 2 | P29: 9 | S29: M | AK29: M | AO29: 0.3542 | AR29: 0 | BX29: ② | CF29: 0 | CJ29: 0
L30: 121 | Q30: ﾅﾁｭﾗﾙ | S30: ﾅﾁｭﾗﾙ | W30: ﾅﾁｭﾗﾙ | AE30: b7 | AK30: b7 | BX30: ③ | CF30: その他重量（ｔ） | CJ30: 累計
AV31: ワインダー処理本数 | BB31: 0 | BE31: 本 | BX31: その他 | CF31: 0 | CJ31: 0
Q32: 115 | S32: 92 | W32: 115 | AE32: 65 | AK32: 75 | AV32: （８）既設カッター・平包
Q33: 菊 | S33: A本 | W33: A本 | AE33: A本 | AK33: 969×625 | AV33: 号機 | AX33: 平均 処理量 | AZ33: 処理量 | BC33: 累計 | BF33: 原反残 | BI33: 寸法替 | BJ33: 枠替 | BK33: (A) | BS33: (B) | CA33: （C) | CI33: 停止時間 | CL33: 製品待ち時間
E34: ｔ | H34: ｔ | K34: ｔ | N34: 本 | O34: 回 | P34: 回 | Q34: Y2 | S34: Y2 | W34: Y2 | X34: 100ｍ | AE34: Y2 | AF34: 90m | AK34: Y2 | AM34: 90m | AQ34: hr | AT34: hr | BK34: 7 | BP34: 12 | BS34: 15 | BV34: 18 | CA34: 23 | CE34: 3
B35: ３S/C | D35: 42 | F35: 39.5 | I35: 323.9 | L35: 損紙 | O35: 0 | P35: 13 | AO35: 0.3368 | AR35: 0 | AV35: 4D/C | AX35: 151 | AZ35: 0 | BC35: 42.979 | BF35: 総本数 | BI35: 0 | BJ35: 0 | CI35: 0.875 | CL35: 0
L36: 0 | Q36: ｂ7 | AD36: ｂ7 | AL36: b7 | BF36: 0 | BU36: 休転
Q38: 115 | AD38: 140 | AL38: 83
Q39: 菊 | AD39: 菊 | AL39: 菊
E40: ｔ | H40: ｔ | K40: ｔ | N40: 本 | O40: 回 | P40: 回 | Q40: Y1 | X40: 120ｍ | AD40: Y1 | AF40: 120m | AL40: Y1 | AM40: 110m | AQ40: hr | AT40: hr | AY40: ｔ | BB40: ｔ | BE40: ｔ | BH40: 本 | BI40: 回 | BJ40: 回 | BK40: 断裁SP | BN40: 0 | BQ40: m/min | BS40: 断裁SP | BV40: 0 | BY40: m/min | CA40: 断裁SP | CD40: 0 | CG40: m/min | CK40: hr | CN40: hr
B41: 合計 | D41: 142 | F41: 141.2 | I41: 1114.6 | L41: 損紙 | P41: パルパー移送量 | T41: 45600 | AA41: kg | AB41: 平判 | AD41: 0 | AI41: kg | AJ41: 損紙カット | AN41: 0 | AT41: kg | AV41: 5D/C | AX41: - | AZ41: 0 | BC41: 0 | BF41: 上質 | BI41: 0 | BJ41: 0 | CI41: 0 | CL41: 0
B42: 号機 | E42: 平均処理量 | J42: 処理量 | O42: 累計 | U42: 包装前台数 | Y42: 寸法替 | AB42: ラベル替 | AE42: ワンプ替 | AH42: 停止時間 | AK42: 製品待ち時間 | AN42: 損紙発生量 | BF42: 0 | BH42: 本
B43: ＃１平包 | E43: 4000 | J43: 2,816 包 (45 t) | O43: 22,549 包 (416 t) | U43: 240 | Y43: 0 | AB43: 0 | AE43: 1 | AH43: 0.013888889 | AK43: 0 | AN43: 0 | BV43: 停止
BF44: コート
B45: ＃２平包 | E45: 4000 | J45: 5,466 包 (85 t) | O45: 24,129 包 (400 t) | Y45: 1 | AB45: 0 | AE45: 0 | AH45: 0.013888889 | AK45: 0 | AS45: kg | BF45: 0 | BH45: 本
AY46: ｔ | BB46: ｔ | BE46: ｔ | BI46: 回 | BJ46: 回 | BK46: 断裁SP | BN46: 0 | BQ46: m/min | BS46: 断裁SP | BV46: 0 | BY46: m/min | CA46: 断裁SP | CD46: 0 | CG46: m/min | CK46: hr | CN46: hr
B47: ＃３平包 | E47: - | J47: 0 包 (0 t) | O47: 0 包 (0 t) | Y47: 0 | AB47: 0 | AE47: 0 | AH47: 0 | AK47: 0 | AV47: 合計 | AX47: 151 | AZ47: 0 | BC47: 42.979 | BF47: 損紙 | BI47: 上質 | BK47: 0 | BN47: kg | BO47: 累計 | BQ47: 0 | BT47: kg | BU47: コート紙 | BX47: 0 | CA47: kg | CB47: 累計 | CD47: 0 | CG47: kg | CH47: サイドラン | CL47: 0
AV48: 【備考欄】 | CH48: 損紙カット | CL48: 0
B49: 合計 | E49: 8000 | J49: 8,282 包 (131 t) | O49: 46,678 包 (816 t) | U49: 2816 | V49: 0 | X49: 台 | Y49: 回 | AB49: 回 | AE49: 回 | AJ49: hr | AM49: hr | AV49: Sボトムロールガイド板ベークライト取替（ダイワ）、
U50: 5466 | AV50: 早送りコロフェルト貼り替え、作業標準作成、ギャップレス支点ピンオーバーホール | CE50: カッター処理本数 | CK50: 0 | CM50: 本
B51: カッタ | Y51: 平包 | AB51: ＃3平包機停止 | AV51: 号機 | AY51: 平均処理量 | BD51: 処理量 | BI51: 累計 | BO51: 包装前台数 | BS51: 寸法替 | BV51: ラベル替 | BY51: ワンプ替 | CB51: 停止時間 | CE51: 製品待ち時間
AV52: ＃１平包 | AY52: 4900 | BC52: 包 | BD52: 110 包 (2 t) | BI52: 1,746 包 (31 t) | BO52: 0 | BS52: 3 | BV52: 0 | BY52: 1 | CB52: 0.041666667 | CE52: 0.8125
AP54: AGF4号車休車 | AV54: 110 | AW54: 1746 | AY54: 1.954375 | AZ54: 30.661 | BS54: 回 | BV54: 回 | BY54: 回 | CD54: hr | CG54: hr | CH54: 損紙発生量
AV55: ＃２平包 | AY55: 1000 | BC55: 包 | BD55: 0 包 (0 t) | BI55: 466 包 (9 t) | BS55: 0 | BV55: 0 | BY55: 0 | CB55: 0 | CE55: 0 | CH55: 0
B56: （３）仕上２Ｇ
B57: 下台数 | F57: 総台数 | J57: 下の比率 | N57: 格付『下』内容 | AV57: 0 | AW57: 466 | AY57: 0 | AZ57: 8.79525 | BO57: 台 | BS57: 回 | BV57: 回 | BY57: 回 | CD57: hr | CG57: hr | CM57: kg
B58: 11 | F58: 273 | J58: 4.029304 | N58: 仕上要因 | AD58: 前工程要因 | AV58: 合計 | AY58: 5900 | BC58: 包 | BD58: 110 包 (2 t) | BI58: 2,212 包 (39 t) | CO58: 仕上１G | CY58: 仕上2G
N59: 不揃い | U59: 3 | AD59: 吸湿ジワ | AL59: 6 | CO59: 仕上要因4位以下合計 | CY59: 仕上要因4位以下合計
N60: 切口不良 | U60: 2 | AV60: ＃１平包 | CO60: =BO69+BO70+BW66+BW67+BW68+BW69+BW70 -> 0 | CY60: =U62+U63+AC59+AC60+AC61+AC62+AC63 -> 0
AV61: ＃２平包 | CO61: 前工程要因4位以下合計 | CY61: 前工程要因4位以下合計
CO62: =CF69+CF70+CN66+CN67+CN68+CN69+CN70 -> 0 | CY62: =AL62+AL63+AT59+AT60+AT61+AT62+AT63 -> 0
B63: 台 | F63: 台 | M63: % | AM63: ウエットストリーク | AT63: 0 | AV63: （９）仕上１Ｇ
G64: 処理数 | K64: 累計 | P64: 未選別台数 | T64: 未仕上台数 | X64: 損紙発生量 | AK64: スキッド包装台数及び入庫重量 | AV64: 下台数 | AZ64: 総台数 | BD64: 下の比率 | BH64: 格付『下』内容
B65: ＃2積替機 | G65: 7 | J65: ｔ | K65: 40 | O65: ｔ | P65: 106 | T65: 158 | X65: 実績 | Y65: 9 | AC65: 台 | AD65: 実績 | AE65: 5400 | AJ65: kg | AK65: スキッド包装台数 | AP65: スキッド包装台数累計 | AV65: 0 | AZ65: 0 | BD65: - | BH65: 仕上要因 | BX65: 前工程要因
AK66: 0 | AP66: 156
B67: ＃2枚数読機 | G67: 0 | J67: ｔ | K67: 0 | O67: ｔ
X68: 累計 | Y68: 58 | AC68: 台 | AD68: 累計 | AE68: 34800 | AJ68: kg | AK68: 入庫重量（ｔ） | AP68: 入庫重量累計
B69: ＃2紙揃機 | G69: 0 | K69: - | AK69: 155 | AP69: 1023
J70: 台 | S70: 台 | W70: 台 | AV70: 台 | AZ70: 台 | BG70: %
BA71: 処理数 | BE71: 累計 | BJ71: 未選別台数 | BN71: 未仕上台数 | BR71: 損紙発生量 | CE71: スキッド包装台数及び入庫重量
B72: （４）生産高 | AQ72: 単位: （t） | AV72: ＃1積替機 | BA72: 0 | BD72: ｔ | BE72: 0 | BI72: ｔ | BJ72: 0 | BM72: 台 | BN72: 0 | BQ72: 台 | BR72: 実績 | BS72: 1 | BW72: 台 | BX72: 実績 | BY72: 600 | CD72: kg | CE72: スキッド包装台数 | CJ72: スキッド包装台数累計
G73: =VALUE(SUBSTITUTE(MID(CELL("filename",$A$1),FIND("]",CELL("filename",$A$1))+1,LEN(CELL("filename",$A$1))),"日","")) -> 7 | K73: 生産高 | S73: 累 計 | AE73: 月次計画 (目標) | AM73: 月次計画 | AQ73: 目標対実績 | AV73: ＃1枚数読機 | BA73: 0 | BD73: ｔ | BE73: 0 | BI73: ｔ | CE73: 0 | CJ73: 0
B74: 設備 | G74: 実績 | K74: 計画 | O74: 増減 | S74: 実績 | W74: 計画 | AA74: 差異 | AE74: 数量 | AI74: 日数 | AM74: 数量 | AQ74: 数量 | AV74: ＃1紙揃機 | BA74: 0 | BD74: 台 | BE74: - | BR74: 累計 | BS74: 3 | BW74: 台 | BX74: 累計 | BY74: 1800 | CD74: kg | CE74: 入庫重量（ｔ） | CJ74: 入庫重量累計
B75: 既設カッター | G75: =AZ35 -> 0 | K75: 0 | O75: =G75-K75 -> 0 | S75: =BC47 -> 42.979 | W75: =K75*($G$73-6) -> 0 | AA75: =S75-W75 -> 42.979 | AE75: =AM75/0.95 -> 2330.5263 | AI75: =1日!AI75 -> 21 | AM75: =1日!AM75 -> 2214 | AQ75: =S75-AE75 -> -2287.5473 | CE75: 1 | CJ75: 40
B76: ５C/Rワインダー | G76: =D14 -> 360.418 | K76: =AE76/AI76 -> 408.82852 | O76: =G76-K76 -> -48.410523 | S76: =G14 -> 2682.15 | W76: =K76*$G$73 -> 2861.7997 | AA76: =S76-W76 -> -179.64966 | AE76: =AM76/0.95 -> 12673.684 | AI76: =1日!AI76 -> 31 | AM76: =1日!AM76 -> 12040 | AQ76: =S76-AE76 -> -9991.5342 | AV76: 仕上1G | AZ76: スキッド残：0台（内積上げ：0台） | BR76: 仕上2G | BV76: スキッド残：24台
B77: ５C/Rカッター | G77: =F41 -> 141.2 | K77: =AE77/AI77 -> 142.10526 | O77: =G77-K77 -> -0.90526316 | S77: =I41 -> 1114.6 | W77: =K77*$G$73 -> 994.73684 | AA77: =S77-W77 -> 119.86316 | AE77: =AM77/0.95 -> 4405.2632 | AI77: =1日!AI77 -> 31 | AM77: =1日!AM77 -> 4185 | AQ77: =S77-AE77 -> -3290.6632

Sheet 8日
E1: 仕上操業報告書 | AV1: （５）損紙発生量合計 | CL1: 日本製紙岩国サポート(株）
B2: （１）５C/Rワインダー | N2: C/R前：(巻） | S2: 15 | U2: 本、(平） | X2: 0 | Z2: 本 | AC2: W/D前：(巻） | AH2: 3 | AJ2: 本、(平） | AM2: 0 | AO2: 本、(保） | AR2: 0 | AT2: 本 | AV2: 5CR | BM2: 既設 | CC2: =1日!CC2 -> 2026 | CG2: =1日!CG2 -> 7 | CI2: 月 | CK2: =VALUE(SUBSTITUTE(MID(CELL("filename",$A$1),FIND("]",CELL("filename",$A$1))+1,LEN(CELL("filename",$A$1))),"日","")) -> 8 | CM2: 日
B3: 号機 | D3: 処理量 | G3: 累計 | K3: 原反残 | N3: 巾替 | P3: 銘柄・坪量 | AB3: 欠数 | AD3: 欠品本数・理由 | AL3: 欠累計 | AO3: 停止時間 | AR3: 製品待ち時間 | AV3: サイドラン損紙 | BD3: 発生損紙 | BM3: サイドラン損紙 | BU3: 発生損紙
B4: ＃１ | D4: 236.645 | G4: 1572.996 | K4: C/R前 | N4: 2 | P4: N-12 オーロラコート 79.1ｇ | AD4: 前工程起因多発順 | AJ4: 本数 | AL4: 77 | AO4: 0.027777778 | AR4: 0 | AV4: 実績 | AX4: =AF14 -> 0 | BD4: 実績 | BF4: =P14+AD41+AN43+AE65+BR8 -> 23701 | BM4: 実績 | BO4: =BQ27+CL47 -> 0 | BU4: 実績 | BW4: =BA27+BK47+BX47+CH55+BY72+BR17 -> 0
K5: 15 | P5: N-17 オフリンユーライトA 81.4ｇ | AB5: 5 | AD5: ① | AF5: P | AJ5: 7 | AV5: 累計 | AX5: =SUM('1日:8日'!ax4) -> #NAME? | BD5: 累計 | BF5: =SUM('1日:8日'!bf4) -> #NAME? | BM5: 累計 | BO5: =SUM('1日:8日'!bo4) -> #NAME? | BU5: 累計 | BW5: =SUM('1日:8日'!bw4) -> #NAME?
AD6: ② | AF6: 汚れ | AJ6: 5 | AV6: （６）巻取包装
AD7: ③ | AF7: J | AJ7: 4 | AV7: 号機 | AZ7: 平均処理量 | BD7: 処理量 | BI7: 累計 | BN7: 停止時間 | BR7: 損紙発生量 | BV7: 【備考欄】
F8: ｔ | J8: ｔ | M8: 本 | O8: 回 | AD8: その他 | AF8: S,目玉、サビ、油、青欠陥、水飛散 | AJ8: 7 | AL8: 5 | AN8: 本 | AQ8: hr | AT8: hr | AV8: ５C/R | AZ8: 450 | BD8: 407 | BI8: 2860 | BN8: 0 | BR8: 0
B9: ＃２ | D9: 215.639 | G9: 1561.438 | K9: W/D前 | N9: 3 | P9: N-12 オーロラコート 79.1ｇ | AB9: 1 | AD9: W/D起因多発順 | AJ9: 本数 | AL9: 88 | AO9: 0.0625 | AR9: 0.052083333 | BC9: 本 | BH9: 本 | BM9: 本 | BQ9: hr | BU9: kg
K10: 製 | L10: 3 | P10: N-17 オフリンユーライトA 81.4ｇ | AB10: 17 | AD10: ①
K11: 保 | L11: 0 | AD11: ② | AV11: ８M/C | AZ11: 450 | BD11: 432 | BI11: 2567 | BN11: 0 | BR11: 0
K12: 計 | AD12: ③ | BC12: 本 | BH12: 本 | BM12: 本 | BQ12: hr | BU12: kg
F13: ｔ | J13: t | K13: 3 | M13: 本 | O13: 回 | AD13: その他 | AL13: 18 | AN13: 本 | AQ13: hr | AT13: hr
B14: 合計 | D14: 452.284 | F14: t | G14: 3134.434 | J14: t | K14: 損紙 | N14: 巻取 | P14: 14101 | T14: kg | U14: 累計 | W14: 93031 | AA14: kg | AB14: サイドラン | AF14: 0 | AJ14: 受入量 | AM14: 471 | AO14: ｔ | AP14: 歩留 | AR14: 96.026327 | AT14: % | AV14: ９M/C | AZ14: 780 | BD14: 824 | BI14: 3228 | BN14: 0 | BR14: 0
B15: ＃1W/D | AH15: J・P補修本数 | AL15: 巻取量（ｔ） | AP15: 累計 | BC15: 本 | BH15: 本 | BM15: 本 | BQ15: hr | BU15: kg
AH16: 6 | AL16: 236.1 | AP16: 1790.6
B17: ＃2W/D | F17: 製品待ち 23：00～0：15 1H15M | AH17: 補修率 | AL17: 平判量（ｔ） | AP17: 累計 | AV17: 既設 | BD17: 0 | BI17: 0 | BN17: 0 | BR17: 0
AH18: 2 | AL18: 216.184 | AP18: 1343.834 | BH18: 本 | BM18: 本 | BQ18: hr | BU18: kg
K19: ワインダー処理本数 | Q19: 20 | T19: 本 | W19: 欠陥数 | Z19: J | AB19: 1 | AD19: P | AF19: 16 | AH19: S | AJ19: 1 | AL19: 他 | AN19: 24 | AP19: 合計 | AR19: 42
B20: （２）５C/Rカッター・平包 | AP20: 累計 | AR20: 440 | AV20: （７）4C/Rワインダー | BZ20: W/D前：(巻） | CE20: 0 | CG20: 本、(平） | CJ20: 0 | CL20: 本
B21: 号機 | D21: 平均 処理量 | F21: 処理量 | I21: 累計 | L21: 原反残 | O21: 寸法替 | P21: 枠替 | Q21: (A) | Y21: (B) | AG21: （C) | AO21: 停止時間 | AR21: 製品待ち時間 | AV21: 号機 | AX21: 処理量 | BA21: 累計 | BE21: 原反残 | BH21: 巾替 | BJ21: 銘柄・坪量 | BX21: 欠品本数・理由 | CF21: 欠累計 | CI21: 停止時間 | CL21: 製品待ち時間
Q22: 7 | V22: 12 | Y22: 15 | AB22: 18 | AG22: 23 | AK22: 3 | AV22: ＃１ | AX22: 0 | BA22: 0 | BE22: W/D前 | BH22: 0 | BX22: 前工程起因多発順 | CD22: 本数 | CF22: 0 | CI22: 0 | CL22: 0.29166667
B23: 1S/C | D23: 50 | F23: 55.3 | I23: 323.2 | L23: 系外 | O23: 1 | P23: 6 | AJ23: M | AO23: 0.4479 | AR23: 0 | BE23: 製 | BF23: 0 | BX23: ①
L24: 20 | Q24: b7 | AC24: 停止19～23 | AJ24: b7 | BE24: 保 | BF24: 0 | BX24: ②
BE25: 計 | BX25: ③
Q26: 75 | AJ26: 65 | AZ26: ｔ | BD26: ｔ | BE26: 0 | BG26: 本 | BI26: 回 | BX26: その他 | CH26: 本 | CK26: hr | CN26: hr
Q27: A本 | AJ27: B本 | AV27: 損紙 | AX27: 巻取 | BA27: 0 | BE27: kg | BF27: 累計 | BH27: 0 | BL27: kg | BM27: サイドラン | BQ27: 0 | BW27: ㎏ | BX27: W/D起因多発順 | CD27: 本数 | CF27: 受入量 | CH27: 0 | CJ27: t 歩留 | CN27: %
E28: ｔ | H28: ｔ | K28: ｔ | N28: 本 | O28: 回 | P28: 回 | Q28: T3 | W28: 90m | AE28: 90m | AJ28: T3 | AM28: 80m | AQ28: hr | AT28: hr | BX28: ① | CF28: 巻取重量（ｔ） | CJ28: 累計
B29: ２S/C | D29: 50 | F29: 53.9 | I29: 576.6 | L29: 中間倉庫 | O29: 3 | P29: 6 | T29: M | AD29: M | AL29: M | AO29: 0.4236 | AR29: 0 | BX29: ② | CF29: 0 | CJ29: 0
L30: 181 | Q30: b7 | T30: ﾕｰﾗｲﾄ | Y30: 停止15～19 | AD30: ﾕｰﾗｲﾄ | AL30: ﾕｰﾗｲﾄ | BX30: ③ | CF30: その他重量（ｔ） | CJ30: 累計
AV31: ワインダー処理本数 | BB31: 0 | BE31: 本 | BX31: その他 | CF31: 0 | CJ31: 0
Q32: 75 | T32: 81.4 | AD32: 81.4 | AL32: 81.4 | AV32: （８）既設カッター・平包
Q33: 969×625 | T33: 菊 | AD33: 858×638 | AL33: A本 | AV33: 号機 | AX33: 平均 処理量 | AZ33: 処理量 | BC33: 累計 | BF33: 原反残 | BI33: 寸法替 | BJ33: 枠替 | BK33: (A) | BS33: (B) | CA33: （C) | CI33: 停止時間 | CL33: 製品待ち時間
E34: ｔ | H34: ｔ | K34: ｔ | N34: 本 | O34: 回 | P34: 回 | Q34: Y2 | T34: Y2 | W34: 90m | AD34: Y2 | AE34: 85m | AL34: Y2 | AM34: 85ｍ | AQ34: hr | AT34: hr | BK34: 7 | BP34: 12 | BS34: 15 | BV34: 18 | CA34: 23 | CE34: 3
B35: ３S/C | D35: 42 | F35: 38.8 | I35: 362.8 | L35: 損紙 | O35: 1 | P35: 11 | AA35: M | AO35: 0.3924 | AR35: 0 | AV35: 4D/C | AX35: 151 | AZ35: 0 | BC35: 42.979 | BF35: 総本数 | BI35: 0 | BJ35: 0 | CI35: 0.875 | CL35: 0
L36: 0 | Q36: b7 | R36: ﾅﾁｭﾗﾙ | U36: ﾅﾁｭﾗﾙ | AA36: b7 | AE36: ﾅﾁｭﾗﾙ | AH36: b7 | AL36: ﾅﾁｭﾗﾙ | BF36: 0 | BU36: 休転
Q38: 83 | R38: 100 | U38: 92 | AA38: 115 | AE38: 115 | AH38: 100 | AL38: 100
Q39: 菊 | R39: 菊 | U39: 菊 | AA39: A本 | AE39: A本 | AH39: A本 | AL39: A本
E40: ｔ | H40: ｔ | K40: ｔ | N40: 本 | O40: 回 | P40: 回 | Q40: Y1 | R40: Y1 | U40: Y1 | W40: 120m | AA40: Y1 | AC40: 120m | AE40: Y1 | AF40: 100m | AH40: Y1 | AJ40: 100ｍ | AL40: Y1 | AM40: 135ｍ | AQ40: hr | AT40: hr | AY40: ｔ | BB40: ｔ | BE40: ｔ | BH40: 本 | BI40: 回 | BJ40: 回 | BK40: 断裁SP | BN40: 0 | BQ40: m/min | BS40: 断裁SP | BV40: 0 | BY40: m/min | CA40: 断裁SP | CD40: 0 | CG40: m/min | CK40: hr | CN40: hr
B41: 合計 | D41: 142 | F41: 148 | I41: 1262.6 | L41: 損紙 | P41: パルパー移送量 | T41: 45600 | AA41: kg | AB41: 平判 | AD41: 0 | AI41: kg | AJ41: 損紙カット | AN41: 0 | AT41: kg | AV41: 5D/C | AX41: - | AZ41: 0 | BC41: 0 | BF41: 上質 | BI41: 0 | BJ41: 0 | CI41: 0 | CL41: 0
B42: 号機 | E42: 平均処理量 | J42: 処理量 | O42: 累計 | U42: 包装前台数 | Y42: 寸法替 | AB42: ラベル替 | AE42: ワンプ替 | AH42: 停止時間 | AK42: 製品待ち時間 | AN42: 損紙発生量 | BF42: 0 | BH42: 本
B43: ＃１平包 | E43: 4000 | J43: 3,732 包 (65 t) | O43: 26,281 包 (481 t) | U43: 158 | Y43: 1 | AB43: 6 | AE43: 0 | AH43: 0.055555556 | AK43: 0 | AN43: 0 | BV43: 停止
BF44: コート
B45: ＃２平包 | E45: 4000 | J45: 4,758 包 (85 t) | O45: 28,887 包 (484 t) | Y45: 2 | AB45: 0 | AE45: 1 | AH45: 0.041666667 | AK45: 0 | AS45: kg | BF45: 0 | BH45: 本
AY46: ｔ | BB46: ｔ | BE46: ｔ | BI46: 回 | BJ46: 回 | BK46: 断裁SP | BN46: 0 | BQ46: m/min | BS46: 断裁SP | BV46: 0 | BY46: m/min | CA46: 断裁SP | CD46: 0 | CG46: m/min | CK46: hr | CN46: hr
B47: ＃３平包 | E47: - | J47: 0 包 (0 t) | O47: 0 包 (0 t) | Y47: 0 | AB47: 0 | AE47: 0 | AH47: 0 | AK47: 0 | AV47: 合計 | AX47: 151 | AZ47: 0 | BC47: 42.979 | BF47: 損紙 | BI47: 上質 | BK47: 0 | BN47: kg | BO47: 累計 | BQ47: 0 | BT47: kg | BU47: コート紙 | BX47: 0 | CA47: kg | CB47: 累計 | CD47: 0 | CG47: kg | CH47: サイドラン | CL47: 0
AV48: 【備考欄】 | CH48: 損紙カット | CL48: 0
B49: 合計 | E49: 8000 | J49: 8,490 包 (150 t) | O49: 55,168 包 (965 t) | U49: 3732 | V49: 0 | X49: 台 | Y49: 回 | AB49: 回 | AE49: 回 | AJ49: hr | AM49: hr | AV49: Ｓ側ボトムロールベイクライト取り替え（ダイワ）
U50: 4758 | AV50: 作業標準作成、ブロアーフィルター清掃 | CE50: カッター処理本数 | CK50: 0 | CM50: 本
B51: カッタ | Y51: 平包 | AB51: ＃3平包機停止 | AV51: 号機 | AY51: 平均処理量 | BD51: 処理量 | BI51: 累計 | BO51: 包装前台数 | BS51: 寸法替 | BV51: ラベル替 | BY51: ワンプ替 | CB51: 停止時間 | CE51: 製品待ち時間
B52: ・№4AGF復旧ﾃｽﾄ（ﾄﾖﾀL&F）9：50～10：05 | AV52: ＃１平包 | AY52: 4900 | BC52: 包 | BD52: 0 包 (0 t) | BI52: 1,746 包 (31 t) | BO52: 0 | BS52: 0 | BV52: 0 | BY52: 0 | CB52: 0 | CE52: 0.875
AO54: AGF1・4号車休車 | AV54: 0 | AW54: 1746 | AY54: 0 | AZ54: 30.661 | BS54: 回 | BV54: 回 | BY54: 回 | CD54: hr | CG54: hr | CH54: 損紙発生量
AV55: ＃２平包 | AY55: 1000 | BC55: 包 | BD55: 0 包 (0 t) | BI55: 466 包 (9 t) | BS55: 0 | BV55: 0 | BY55: 0 | CB55: 0 | CE55: 0.29166667 | CH55: 0
B56: （３）仕上２Ｇ
B57: 下台数 | F57: 総台数 | J57: 下の比率 | N57: 格付『下』内容 | AV57: 0 | AW57: 466 | AY57: 0 | AZ57: 8.79525 | BO57: 台 | BS57: 回 | BV57: 回 | BY57: 回 | CD57: hr | CG57: hr | CM57: kg
B58: 23 | F58: 256 | J58: 8.984375 | N58: 仕上要因 | AD58: 前工程要因 | AV58: 合計 | AY58: 5900 | BC58: 包 | BD58: 0 包 (0 t) | BI58: 2,212 包 (39 t) | CO58: 仕上１G | CY58: 仕上2G
N59: 枠替 | U59: 4 | V59: カウンタ不良 | AC59: 1 | AD59: 巻ｼﾞﾜ | AL59: 4 | CO59: 仕上要因4位以下合計 | CY59: 仕上要因4位以下合計
N60: つまみ | U60: 2 | V60: 荷姿不良 | AC60: 1 | AD60: 花 | AL60: 4 | AV60: ＃１平包 | CO60: =BO69+BO70+BW66+BW67+BW68+BW69+BW70 -> 0 | CY60: =U62+U63+AC59+AC60+AC61+AC62+AC63 -> 4
N61: 不揃い | U61: 2 | AD61: 吸湿ジワ | AL61: 3 | AV61: ＃２平包 | CO61: 前工程要因4位以下合計 | CY61: 前工程要因4位以下合計
N62: 切口不良 | U62: 1 | CO62: =CF69+CF70+CN66+CN67+CN68+CN69+CN70 -> 0 | CY62: =AL62+AL63+AT59+AT60+AT61+AT62+AT63 -> 0
B63: 台 | F63: 台 | M63: % | N63: 紙ズレ | U63: 1 | AM63: ウエットストリーク | AT63: 0 | AV63: （９）仕上１Ｇ
G64: 処理数 | K64: 累計 | P64: 未選別台数 | T64: 未仕上台数 | X64: 損紙発生量 | AK64: スキッド包装台数及び入庫重量 | AV64: 下台数 | AZ64: 総台数 | BD64: 下の比率 | BH64: 格付『下』内容
B65: ＃2積替機 | G65: 5 | J65: ｔ | K65: 45 | O65: ｔ | P65: 110 | T65: 135 | X65: 実績 | Y65: 16 | AC65: 台 | AD65: 実績 | AE65: 9600 | AJ65: kg | AK65: スキッド包装台数 | AP65: スキッド包装台数累計 | AV65: 0 | AZ65: 0 | BD65: - | BH65: 仕上要因 | BX65: 前工程要因
AK66: 32 | AP66: 188
B67: ＃2枚数読機 | G67: 0 | J67: ｔ | K67: 0 | O67: ｔ
X68: 累計 | Y68: 74 | AC68: 台 | AD68: 累計 | AE68: 44400 | AJ68: kg | AK68: 入庫重量（ｔ） | AP68: 入庫重量累計
B69: ＃2紙揃機 | G69: 0 | K69: - | AK69: 196 | AP69: 1219
J70: 台 | S70: 台 | W70: 台 | AV70: 台 | AZ70: 台 | BG70: %
BA71: 処理数 | BE71: 累計 | BJ71: 未選別台数 | BN71: 未仕上台数 | BR71: 損紙発生量 | CE71: スキッド包装台数及び入庫重量
B72: （４）生産高 | AQ72: 単位: （t） | AV72: ＃1積替機 | BA72: 0 | BD72: ｔ | BE72: 0 | BI72: ｔ | BJ72: 0 | BM72: 台 | BN72: 0 | BQ72: 台 | BR72: 実績 | BS72: 0 | BW72: 台 | BX72: 実績 | BY72: 0 | CD72: kg | CE72: スキッド包装台数 | CJ72: スキッド包装台数累計
G73: =VALUE(SUBSTITUTE(MID(CELL("filename",$A$1),FIND("]",CELL("filename",$A$1))+1,LEN(CELL("filename",$A$1))),"日","")) -> 8 | K73: 生産高 | S73: 累 計 | AE73: 月次計画 (目標) | AM73: 月次計画 | AQ73: 目標対実績 | AV73: ＃1枚数読機 | BA73: 0 | BD73: ｔ | BE73: 0 | BI73: ｔ | CE73: 0 | CJ73: 0
B74: 設備 | G74: 実績 | K74: 計画 | O74: 増減 | S74: 実績 | W74: 計画 | AA74: 差異 | AE74: 数量 | AI74: 日数 | AM74: 数量 | AQ74: 数量 | AV74: ＃1紙揃機 | BA74: 0 | BD74: 台 | BE74: - | BR74: 累計 | BS74: 3 | BW74: 台 | BX74: 累計 | BY74: 1800 | CD74: kg | CE74: 入庫重量（ｔ） | CJ74: 入庫重量累計
B75: 既設カッター | G75: =AZ35 -> 0 | K75: 0 | O75: =G75-K75 -> 0 | S75: =BC47 -> 42.979 | W75: =K75*$G$73 -> 0 | AA75: =S75-W75 -> 42.979 | AE75: =AM75/0.95 -> 2330.5263 | AI75: =1日!AI75 -> 21 | AM75: =1日!AM75 -> 2214 | AQ75: =S75-AE75 -> -2287.5473 | CE75: 1 | CJ75: 41
B76: ５C/Rワインダー | G76: =D14 -> 452.284 | K76: =AE76/AI76 -> 408.82852 | O76: =G76-K76 -> 43.455477 | S76: =G14 -> 3134.434 | W76: =K76*$G$73 -> 3270.6282 | AA76: =S76-W76 -> -136.19418 | AE76: =AM76/0.95 -> 12673.684 | AI76: =1日!AI76 -> 31 | AM76: =1日!AM76 -> 12040 | AQ76: =S76-AE76 -> -9539.2502 | AV76: 仕上1G | AZ76: スキッド残：0台（内積上げ：0台） | BR76: 仕上2G | BV76: スキッド残：22台
B77: ５C/Rカッター | G77: =F41 -> 148 | K77: =AE77/AI77 -> 142.10526 | O77: =G77-K77 -> 5.8947368 | S77: =I41 -> 1262.6 | W77: =K77*$G$73 -> 1136.8421 | AA77: =S77-W77 -> 125.75789 | AE77: =AM77/0.95 -> 4405.2632 | AI77: =1日!AI77 -> 31 | AM77: =1日!AM77 -> 4185 | AQ77: =S77-AE77 -> -3142.6632

Sheet 9日
E1: 仕上操業報告書 | AV1: （５）損紙発生量合計 | CL1: 日本製紙岩国サポート(株）
B2: （１）５C/Rワインダー | N2: C/R前：(巻） | S2: 17 | U2: 本、(平） | X2: 2 | Z2: 本 | AC2: W/D前：(巻） | AH2: 5 | AJ2: 本、(平） | AM2: 1 | AO2: 本、(保） | AR2: 0 | AT2: 本 | AV2: 5CR | BM2: 既設 | CC2: =1日!CC2 -> 2026 | CG2: =1日!CG2 -> 7 | CI2: 月 | CK2: =VALUE(SUBSTITUTE(MID(CELL("filename",$A$1),FIND("]",CELL("filename",$A$1))+1,LEN(CELL("filename",$A$1))),"日","")) -> 9 | CM2: 日
B3: 号機 | D3: 処理量 | G3: 累計 | K3: 原反残 | N3: 巾替 | P3: 銘柄・坪量 | AB3: 欠数 | AD3: 欠品本数・理由 | AL3: 欠累計 | AO3: 停止時間 | AR3: 製品待ち時間 | AV3: サイドラン損紙 | BD3: 発生損紙 | BM3: サイドラン損紙 | BU3: 発生損紙
B4: ＃１ | D4: 239.286 | G4: 1812.282 | K4: C/R前 | N4: 1 | P4: N-12 オーロラコート 79.1ｇ | AD4: 前工程起因多発順 | AJ4: 本数 | AL4: 85 | AO4: 0.027777778 | AR4: 0 | AV4: 実績 | AX4: =AF14 -> 10332 | BD4: 実績 | BF4: =P14+AD41+AN43+AE65+BR8 -> 25457 | BM4: 実績 | BO4: =BQ27+CL47 -> 0 | BU4: 実績 | BW4: =BA27+BK47+BX47+CH55+BY72+BR17 -> 1200
K5: 19 | P5: N-13 オーロラコート 84.9ｇ | AB5: 8 | AD5: ① | AF5: P | AJ5: 7 | AV5: 累計 | AX5: =SUM('1日:9日'!ax4) -> #NAME? | BD5: 累計 | BF5: =SUM('1日:9日'!bf4) -> #NAME? | BM5: 累計 | BO5: =SUM('1日:9日'!bo4) -> #NAME? | BU5: 累計 | BW5: =SUM('1日:9日'!bw4) -> #NAME?
P6: N-14 オーロラコート 104.7ｇ | AD6: ② | AF6: タイコ | AJ6: 5 | AV6: （６）巻取包装
AD7: ③ | AF7: ナワ | AJ7: 4 | AV7: 号機 | AZ7: 平均処理量 | BD7: 処理量 | BI7: 累計 | BN7: 停止時間 | BR7: 損紙発生量 | BV7: 【備考欄】
F8: ｔ | J8: ｔ | M8: 本 | O8: 回 | AD8: その他 | AF8: 油、汚れ、虫、スキップ、水飛散 | AJ8: 8 | AL8: 8 | AN8: 本 | AQ8: hr | AT8: hr | AV8: ５C/R | AZ8: 450 | BD8: 465 | BI8: 3325 | BN8: 0 | BR8: 0 | BV8: 休憩室エアコン水漏れ修理 (工作係・岩国機工)完了
B9: ＃２ | D9: 225.038 | G9: 1786.476 | K9: W/D前 | N9: 1 | P9: N-13 オーロラコート 84.9ｇ | AB9: 16 | AD9: W/D起因多発順 | AJ9: 本数 | AL9: 104 | AO9: 0.027777778 | AR9: 0 | BC9: 本 | BH9: 本 | BM9: 本 | BQ9: hr | BU9: kg
K10: 製 | L10: 6 | P10: N-14 オーロラコート 104.7ｇ | AD10: ①
K11: 保 | L11: 0 | AD11: ② | AV11: ８M/C | AZ11: 450 | BD11: 385 | BI11: 2952 | BN11: 0 | BR11: 0 | BV11: 8巻_特記事項なし
K12: 計 | AD12: ③ | BC12: 本 | BH12: 本 | BM12: 本 | BQ12: hr | BU12: kg | BV12: 9巻_包装紙糊ﾛｰﾙ巻き付き製品糊付き損紙1本 812㎏
F13: ｔ | J13: t | K13: 6 | M13: 本 | O13: 回 | AD13: その他 | AL13: 16 | AN13: 本 | AQ13: hr | AT13: hr | BV13: 9巻_包装紙糊ﾛｰﾙ除去 9:20～9：50 (0.5H)
B14: 合計 | D14: 464.324 | F14: t | G14: 3598.758 | J14: t | K14: 損紙 | N14: 巻取 | P14: 17057 | T14: kg | U14: 累計 | W14: 110088 | AA14: kg | AB14: サイドラン | AF14: 10332 | AJ14: 受入量 | AM14: 489 | AO14: ｔ | AP14: 歩留 | AR14: 94.953783 | AT14: % | AV14: ９M/C | AZ14: 780 | BD14: 490 | BI14: 3718 | BN14: 0 | BR14: 812 | BV14: 9巻_ﾗﾍﾞﾗｰｸｯｼｮﾝﾛｰﾙｼﾘﾝﾀﾞｰ動作不良 (保全係・工作係)
B15: ＃1W/D | F15: ＃6F側S/Tヘッド交換、＃7D側S/Tピニオンギヤ交換（ダイワ）14：10～14：50 40M停止 | AH15: J・P補修本数 | AL15: 巻取量（ｔ） | AP15: 累計 | BC15: 本 | BH15: 本 | BM15: 本 | BQ15: hr | BU15: kg | BV15: 16:40～19:20 (2H40M) ◆仮対応:エア抜きバルブ取付
AH16: 5 | AL16: 348.8 | AP16: 2139.4 | BV16: ※操作側ｼﾘﾝﾀﾞｰ取替予定。
B17: ＃2W/D | F17: ＃5D側S/Tピニオンギヤ交換（ダイワ） 14：10～14：50 40M停止 | AH17: 補修率 | AL17: 平判量（ｔ） | AP17: 累計 | AV17: 既設 | BD17: 0 | BI17: 0 | BN17: 0 | BR17: 0
AH18: 1 | AL18: 115.524 | AP18: 1459.358 | BH18: 本 | BM18: 本 | BQ18: hr | BU18: kg
K19: ワインダー処理本数 | Q19: 20 | T19: 本 | W19: 欠陥数 | Z19: J | AB19: 0 | AD19: P | AF19: 15 | AH19: S | AJ19: 1 | AL19: 他 | AN19: 18 | AP19: 合計 | AR19: 34
B20: （２）５C/Rカッター・平包 | AP20: 累計 | AR20: 474 | AV20: （７）4C/Rワインダー | BZ20: W/D前：(巻） | CE20: 13 | CG20: 本、(平） | CJ20: 0 | CL20: 本
B21: 号機 | D21: 平均 処理量 | F21: 処理量 | I21: 累計 | L21: 原反残 | O21: 寸法替 | P21: 枠替 | Q21: (A) | Y21: (B) | AG21: （C) | AO21: 停止時間 | AR21: 製品待ち時間 | AV21: 号機 | AX21: 処理量 | BA21: 累計 | BE21: 原反残 | BH21: 巾替 | BJ21: 銘柄・坪量 | BX21: 欠品本数・理由 | CF21: 欠累計 | CI21: 停止時間 | CL21: 製品待ち時間
Q22: 7 | V22: 12 | Y22: 15 | AB22: 18 | AG22: 23 | AK22: 3 | AV22: ＃１ | AX22: 0 | BA22: 0 | BE22: W/D前 | BH22: 0 | BX22: 前工程起因多発順 | CD22: 本数 | CF22: 0 | CI22: 0 | CL22: 0.29166667
B23: 1S/C | D23: 50 | F23: 24.7 | I23: 347.9 | L23: 系外 | O23: 0 | P23: 2 | AO23: 0.7569 | AR23: 0 | BE23: 製 | BF23: 13 | BX23: ①
L24: 0 | Q24: 停止7～23 | AG24: b7 | BE24: 保 | BF24: 0 | BX24: ②
BE25: 計 | BX25: ③
AG26: 65 | AZ26: ｔ | BD26: ｔ | BE26: 13 | BG26: 本 | BI26: 回 | BX26: その他 | CH26: 本 | CK26: hr | CN26: hr
AG27: B本 | AV27: 損紙 | AX27: 巻取 | BA27: 0 | BE27: kg | BF27: 累計 | BH27: 0 | BL27: kg | BM27: サイドラン | BQ27: 0 | BW27: ㎏ | BX27: W/D起因多発順 | CD27: 本数 | CF27: 受入量 | CH27: 0 | CJ27: t 歩留 | CN27: %
E28: ｔ | H28: ｔ | K28: ｔ | N28: 本 | O28: 回 | P28: 回 | AG28: T3 | AM28: 80m | AQ28: hr | AT28: hr | AV28: 製品待ち8：00～16：00（7H） | BX28: ① | CF28: 巻取重量（ｔ） | CJ28: 累計
B29: ２S/C | D29: 50 | F29: 81.6 | I29: 658.2 | L29: 中間倉庫 | O29: 0 | P29: 7 | AO29: 0.2257 | AR29: 0 | BX29: ② | CF29: 0 | CJ29: 0
L30: 157 | Q30: ﾕｰﾗｲﾄ | AF30: ｵｰﾛﾗ | BX30: ③ | CF30: その他重量（ｔ） | CJ30: 累計
AV31: ワインダー処理本数 | BB31: 0 | BE31: 本 | BX31: その他 | CF31: 0 | CJ31: 0
Q32: 81.4 | AF32: 79.1 | AV32: （８）既設カッター・平包
Q33: A本 | AF33: A本 | AV33: 号機 | AX33: 平均 処理量 | AZ33: 処理量 | BC33: 累計 | BF33: 原反残 | BI33: 寸法替 | BJ33: 枠替 | BK33: (A) | BS33: (B) | CA33: （C) | CI33: 停止時間 | CL33: 製品待ち時間
E34: ｔ | H34: ｔ | K34: ｔ | N34: 本 | O34: 回 | P34: 回 | Q34: Y2 | W34: 100m | AD34: 100m | AF34: Y2 | AM34: 90m | AQ34: hr | AT34: hr | BK34: 7 | BP34: 12 | BS34: 15 | BV34: 18 | CA34: 23 | CE34: 3
B35: ３S/C | D35: 42 | F35: 36.4 | I35: 399.2 | L35: 損紙 | O35: 1 | P35: 8 | AB35: M | AO35: 0.3125 | AR35: 0 | AV35: 4D/C | AX35: 151 | AZ35: 0 | BC35: 42.979 | BF35: 総本数 | BI35: 0 | BJ35: 0 | CI35: 0.875 | CL35: 0
L36: 0 | Q36: ﾅﾁｭﾗﾙ | T36: ﾅﾁｭﾗﾙ | V36: ﾅﾁｭﾗﾙ | AB36: b7 | AL36: ｵｰﾛﾗ | BF36: 0 | BT36: 休転
Q38: 100 | T38: 92 | V38: 75 | AB38: 65 | AL38: 79.1
Q39: A本 | T39: A本 | V39: A本 | AB39: 4/6 | AL39: 4/6
E40: ｔ | H40: ｔ | K40: ｔ | N40: 本 | O40: 回 | P40: 回 | Q40: Y1 | T40: Y1 | V40: Y1 | W40: 115m | Y40: 100m | AB40: Y1 | AE40: 90m | AL40: Y1 | AM40: 90m | AQ40: hr | AT40: hr | AY40: ｔ | BB40: ｔ | BE40: ｔ | BH40: 本 | BI40: 回 | BJ40: 回 | BK40: 断裁SP | BN40: 0 | BQ40: m/min | BS40: 断裁SP | BV40: 0 | BY40: m/min | CA40: 断裁SP | CD40: 0 | CG40: m/min | CK40: hr | CN40: hr
B41: 合計 | D41: 142 | F41: 142.7 | I41: 1405.3 | L41: 損紙 | P41: パルパー移送量 | T41: 33600 | AA41: kg | AB41: 平判 | AD41: 0 | AI41: kg | AJ41: 損紙カット | AN41: 0 | AT41: kg | AV41: 5D/C | AX41: - | AZ41: 0 | BC41: 0 | BF41: 上質 | BI41: 0 | BJ41: 0 | CI41: 0 | CL41: 0
B42: 号機 | E42: 平均処理量 | J42: 処理量 | O42: 累計 | U42: 包装前台数 | Y42: 寸法替 | AB42: ラベル替 | AE42: ワンプ替 | AH42: 停止時間 | AK42: 製品待ち時間 | AN42: 損紙発生量 | BF42: 0 | BH42: 本
B43: ＃１平包 | E43: 4000 | J43: 2,924 包 (62 t) | O43: 29,205 包 (543 t) | U43: 142 | Y43: 3 | AB43: 2 | AE43: 3 | AH43: 0.097222222 | AK43: 0 | AN43: 0 | BV43: 停止
BF44: コート
B45: ＃２平包 | E45: 4000 | J45: 2,990 包 (54 t) | O45: 31,877 包 (538 t) | Y45: 2 | AB45: 0 | AE45: 2 | AH45: 0.055555556 | AK45: 0 | AS45: kg | BF45: 0 | BH45: 本
AY46: ｔ | BB46: ｔ | BE46: ｔ | BI46: 回 | BJ46: 回 | BK46: 断裁SP | BN46: 0 | BQ46: m/min | BS46: 断裁SP | BV46: 0 | BY46: m/min | CA46: 断裁SP | CD46: 0 | CG46: m/min | CK46: hr | CN46: hr
B47: ＃３平包 | E47: - | J47: 0 包 (0 t) | O47: 0 包 (0 t) | Y47: 0 | AB47: 0 | AE47: 0 | AH47: 0 | AK47: 0 | AV47: 合計 | AX47: 151 | AZ47: 0 | BC47: 42.979 | BF47: 損紙 | BI47: 上質 | BK47: 0 | BN47: kg | BO47: 累計 | BQ47: 0 | BT47: kg | BU47: コート紙 | BX47: 0 | CA47: kg | CB47: 累計 | CD47: 0 | CG47: kg | CH47: サイドラン | CL47: 0
AV48: 【備考欄】 | CH48: 損紙カット | CL48: 0
B49: 合計 | E49: 8000 | J49: 5,914 包 (115 t) | O49: 61,082 包 (1,081 t) | U49: 2924 | V49: 0 | X49: 台 | Y49: 回 | AB49: 回 | AE49: 回 | AJ49: hr | AM49: hr | AV49: 全スリッター交換、パレット置き場清掃、Sボトムガイダ―隙間調整
U50: 2990 | CE50: カッター処理本数 | CK50: 0 | CM50: 本
B51: カッタ | Y51: 平包 | AB51: ＃3平包機停止 | AV51: 号機 | AY51: 平均処理量 | BD51: 処理量 | BI51: 累計 | BO51: 包装前台数 | BS51: 寸法替 | BV51: ラベル替 | BY51: ワンプ替 | CB51: 停止時間 | CE51: 製品待ち時間
B52: ・№4AGF復旧ﾃｽﾄ（ﾄﾖﾀL&F）10：00～10：10 | AV52: ＃１平包 | AY52: 4900 | BC52: 包 | BD52: 0 包 (0 t) | BI52: 1,746 包 (31 t) | BO52: 0 | BS52: 0 | BV52: 0 | BY52: 0 | CB52: 0.041666667 | CE52: 0.875
B53: ・№2・6AGF 自動搬送中にAGF同士が接触するトラブル発生 5：45
B54: ・#1C/T給脂作業（朝日鉄工）8：45～15：00 | AN54: AGF1・4・6号車休車 | AV54: 0 | AW54: 1746 | AY54: 0 | AZ54: 30.661 | BS54: 回 | BV54: 回 | BY54: 回 | CD54: hr | CG54: hr | CH54: 損紙発生量
AV55: ＃２平包 | AY55: 1000 | BC55: 包 | BD55: 0 包 (0 t) | BI55: 466 包 (9 t) | BS55: 0 | BV55: 0 | BY55: 0 | CB55: 0 | CE55: 0.29166667 | CH55: 0
B56: （３）仕上２Ｇ
B57: 下台数 | F57: 総台数 | J57: 下の比率 | N57: 格付『下』内容 | AV57: 0 | AW57: 466 | AY57: 0 | AZ57: 8.79525 | BO57: 台 | BS57: 回 | BV57: 回 | BY57: 回 | CD57: hr | CG57: hr | CM57: kg
B58: 35 | F58: 199 | J58: 17.58794 | N58: 仕上要因 | AD58: 前工程要因 | AV58: 合計 | AY58: 5900 | BC58: 包 | BD58: 0 包 (0 t) | BI58: 2,212 包 (39 t) | CO58: 仕上１G | CY58: 仕上2G
N59: 不揃い | U59: 4 | AD59: ナワ | AL59: 17 | CO59: 仕上要因4位以下合計 | CY59: 仕上要因4位以下合計
N60: つまみ | U60: 1 | AD60: 花 | AL60: 10 | AV60: ＃１平包 | CO60: =BO69+BO70+BW66+BW67+BW68+BW69+BW70 -> 0 | CY60: =U62+U63+AC59+AC60+AC61+AC62+AC63 -> 0
N61: カウンタ不良 | U61: 1 | AD61: 巻ジワ | AL61: 2 | AV61: ＃２平包 | CO61: 前工程要因4位以下合計 | CY61: 前工程要因4位以下合計
CO62: =CF69+CF70+CN66+CN67+CN68+CN69+CN70 -> 0 | CY62: =AL62+AL63+AT59+AT60+AT61+AT62+AT63 -> 0
B63: 台 | F63: 台 | M63: % | AM63: ウエットストリーク | AT63: 0 | AV63: （９）仕上１Ｇ
G64: 処理数 | K64: 累計 | P64: 未選別台数 | T64: 未仕上台数 | X64: 損紙発生量 | AK64: スキッド包装台数及び入庫重量 | AV64: 下台数 | AZ64: 総台数 | BD64: 下の比率 | BH64: 格付『下』内容
B65: ＃2積替機 | G65: 7 | J65: ｔ | K65: 52 | O65: ｔ | P65: 103 | T65: 121 | X65: 実績 | Y65: 14 | AC65: 台 | AD65: 実績 | AE65: 8400 | AJ65: kg | AK65: スキッド包装台数 | AP65: スキッド包装台数累計 | AV65: 0 | AZ65: 0 | BD65: - | BH65: 仕上要因 | BX65: 前工程要因
AK66: 20 | AP66: 208
B67: ＃2枚数読機 | G67: 0 | J67: ｔ | K67: 0 | O67: ｔ
X68: 累計 | Y68: 88 | AC68: 台 | AD68: 累計 | AE68: 52800 | AJ68: kg | AK68: 入庫重量（ｔ） | AP68: 入庫重量累計
B69: ＃2紙揃機 | G69: 0 | K69: - | AK69: 172 | AP69: 1391
J70: 台 | S70: 台 | W70: 台 | AV70: 台 | AZ70: 台 | BG70: %
BA71: 処理数 | BE71: 累計 | BJ71: 未選別台数 | BN71: 未仕上台数 | BR71: 損紙発生量 | CE71: スキッド包装台数及び入庫重量
B72: （４）生産高 | AQ72: 単位: （t） | AV72: ＃1積替機 | BA72: 0 | BD72: ｔ | BE72: 0 | BI72: ｔ | BJ72: 0 | BM72: 台 | BN72: 0 | BQ72: 台 | BR72: 実績 | BS72: 2 | BW72: 台 | BX72: 実績 | BY72: 1200 | CD72: kg | CE72: スキッド包装台数 | CJ72: スキッド包装台数累計
G73: =VALUE(SUBSTITUTE(MID(CELL("filename",$A$1),FIND("]",CELL("filename",$A$1))+1,LEN(CELL("filename",$A$1))),"日","")) -> 9 | K73: 生産高 | S73: 累 計 | AE73: 月次計画 (目標) | AM73: 月次計画 | AQ73: 目標対実績 | AV73: ＃1枚数読機 | BA73: 0 | BD73: ｔ | BE73: 0 | BI73: ｔ | CE73: 0 | CJ73: 0
B74: 設備 | G74: 実績 | K74: 計画 | O74: 増減 | S74: 実績 | W74: 計画 | AA74: 差異 | AE74: 数量 | AI74: 日数 | AM74: 数量 | AQ74: 数量 | AV74: ＃1紙揃機 | BA74: 0 | BD74: 台 | BE74: - | BR74: 累計 | BS74: 5 | BW74: 台 | BX74: 累計 | BY74: 3000 | CD74: kg | CE74: 入庫重量（ｔ） | CJ74: 入庫重量累計
B75: 既設カッター | G75: =AZ35 -> 0 | K75: 0 | O75: =G75-K75 -> 0 | S75: =BC47 -> 42.979 | W75: =K75*$G$73 -> 0 | AA75: =S75-W75 -> 42.979 | AE75: =AM75/0.95 -> 2330.5263 | AI75: =1日!AI75 -> 21 | AM75: =1日!AM75 -> 2214 | AQ75: =S75-AE75 -> -2287.5473 | CE75: 4 | CJ75: 45
B76: ５C/Rワインダー | G76: =D14 -> 464.324 | K76: =AE76/AI76 -> 408.82852 | O76: =G76-K76 -> 55.495477 | S76: =G14 -> 3598.758 | W76: =K76*$G$73 -> 3679.4567 | AA76: =S76-W76 -> -80.698706 | AE76: =AM76/0.95 -> 12673.684 | AI76: =1日!AI76 -> 31 | AM76: =1日!AM76 -> 12040 | AQ76: =S76-AE76 -> -9074.9262 | AV76: 仕上1G | AZ76: スキッド残：0台（内積上げ：0台） | BR76: 仕上2G | BV76: スキッド残：7台
B77: ５C/Rカッター | G77: =F41 -> 142.7 | K77: =AE77/AI77 -> 142.10526 | O77: =G77-K77 -> 0.59473684 | S77: =I41 -> 1405.3 | W77: =K77*$G$73 -> 1278.9474 | AA77: =S77-W77 -> 126.35263 | AE77: =AM77/0.95 -> 4405.2632 | AI77: =1日!AI77 -> 31 | AM77: =1日!AM77 -> 4185 | AQ77: =S77-AE77 -> -2999.9632

Sheet 10日
E1: 仕上操業報告書 | AV1: （５）損紙発生量合計 | CL1: 日本製紙岩国サポート(株）
B2: （１）５C/Rワインダー | N2: C/R前：(巻） | S2: 15 | U2: 本、(平） | X2: 1 | Z2: 本 | AC2: W/D前：(巻） | AH2: 8 | AJ2: 本、(平） | AM2: 8 | AO2: 本、(保） | AR2: 0 | AT2: 本 | AV2: 5CR | BM2: 既設 | CC2: =1日!CC2 -> 2026 | CG2: =1日!CG2 -> 7 | CI2: 月 | CK2: =VALUE(SUBSTITUTE(MID(CELL("filename",$A$1),FIND("]",CELL("filename",$A$1))+1,LEN(CELL("filename",$A$1))),"日","")) -> 10 | CM2: 日
B3: 号機 | D3: 処理量 | G3: 累計 | K3: 原反残 | N3: 巾替 | P3: 銘柄・坪量 | AB3: 欠数 | AD3: 欠品本数・理由 | AL3: 欠累計 | AO3: 停止時間 | AR3: 製品待ち時間 | AV3: サイドラン損紙 | BD3: 発生損紙 | BM3: サイドラン損紙 | BU3: 発生損紙
B4: ＃１ | D4: 196.614 | G4: 2008.896 | K4: C/R前 | N4: 2 | P4: N-13 オーロラコート 84.9ｇ | AD4: 前工程起因多発順 | AJ4: 本数 | AL4: 96 | AO4: 0.055555556 | AR4: 0.048611111 | AV4: 実績 | AX4: =AF14 -> 4587 | BD4: 実績 | BF4: =P14+AD41+AN43+AE65+BR8 -> 25706 | BM4: 実績 | BO4: =BQ27+CL47 -> 0 | BU4: 実績 | BW4: =BA27+BK47+BX47+CH55+BY72+BR17 -> 0
K5: 16 | P5: N-14 オーロラコート 104.7ｇ | AB5: 5 | AD5: ① | AF5: 虫 | AJ5: 7 | AV5: 累計 | AX5: =SUM('1日:10日'!ax4) -> #NAME? | BD5: 累計 | BF5: =SUM('1日:10日'!bf4) -> #NAME? | BM5: 累計 | BO5: =SUM('1日:10日'!bo4) -> #NAME? | BU5: 累計 | BW5: =SUM('1日:10日'!bw4) -> #NAME?
P6: N-15 オーロラコート 127.9ｇ | AB6: 6 | AD6: ② | AF6: P | AJ6: 4 | AV6: （６）巻取包装
AD7: ③ | AF7: 原反シワ | AJ7: 4 | AV7: 号機 | AZ7: 平均処理量 | BD7: 処理量 | BI7: 累計 | BN7: 停止時間 | BR7: 損紙発生量 | BV7: 【備考欄】
F8: ｔ | J8: ｔ | M8: 本 | O8: 回 | AD8: その他 | AF8: 汚れ、目玉、カラーフレーク、マーカー飛散 | AJ8: 6 | AL8: 11 | AN8: 本 | AQ8: hr | AT8: hr | AV8: ５C/R | AZ8: 450 | BD8: 371 | BI8: 3696 | BN8: 0 | BR8: 0
B9: ＃２ | D9: 239.704 | G9: 2026.18 | K9: W/D前 | N9: 2 | P9: N-14 オーロラコート 104.7ｇ | AB9: 3 | AD9: W/D起因多発順 | AJ9: 本数 | AL9: 114 | AO9: 0.041666667 | AR9: 0 | BC9: 本 | BH9: 本 | BM9: 本 | BQ9: hr | BU9: kg
K10: 製 | L10: 16 | P10: N-15 オーロラコート 127.9ｇ | AB10: 7 | AD10: ①
K11: 保 | L11: 0 | AD11: ② | AV11: ８M/C | AZ11: 450 | BD11: 429 | BI11: 3381 | BN11: 0 | BR11: 0
K12: 計 | AD12: ③ | BC12: 本 | BH12: 本 | BM12: 本 | BQ12: hr | BU12: kg
F13: ｔ | J13: t | K13: 16 | M13: 本 | O13: 回 | AD13: その他 | AL13: 10 | AN13: 本 | AQ13: hr | AT13: hr
B14: 合計 | D14: 436.318 | F14: t | G14: 4035.076 | J14: t | K14: 損紙 | N14: 巻取 | P14: 15506 | T14: kg | U14: 累計 | W14: 125594 | AA14: kg | AB14: サイドラン | AF14: 4587 | AJ14: 受入量 | AM14: 460 | AO14: ｔ | AP14: 歩留 | AR14: 94.851739 | AT14: % | AV14: ９M/C | AZ14: 780 | BD14: 713 | BI14: 4431 | BN14: 0 | BR14: 0 | BV14: 9巻_ﾗﾍﾞﾗｰ ｸｯｼｮﾝﾛｰﾙｼﾘﾝﾀﾞｰ取替(工作・ﾀﾞｲﾜ)
B15: ＃1W/D | F15: 製品待ち 9：30～10：40 1H10M | AH15: J・P補修本数 | AL15: 巻取量（ｔ） | AP15: 累計 | BC15: 本 | BH15: 本 | BM15: 本 | BQ15: hr | BU15: kg | BV15: 8:30～10:00 (1H30M)
AH16: 1 | AL16: 261 | AP16: 2400.4
B17: ＃2W/D | AH17: 補修率 | AL17: 平判量（ｔ） | AP17: 累計 | AV17: 既設 | BD17: 0 | BI17: 0 | BN17: 0 | BR17: 0 | BV17: 直外日
AH18: 1 | AL18: 175.318 | AP18: 1634.676 | BH18: 本 | BM18: 本 | BQ18: hr | BU18: kg
K19: ワインダー処理本数 | Q19: 18 | T19: 本 | W19: 欠陥数 | Z19: J | AB19: 0 | AD19: P | AF19: 12 | AH19: S | AJ19: 0 | AL19: 他 | AN19: 30 | AP19: 合計 | AR19: 42
B20: （２）５C/Rカッター・平包 | AP20: 累計 | AR20: 516 | AV20: （７）4C/Rワインダー | BZ20: W/D前：(巻） | CE20: 31 | CG20: 本、(平） | CJ20: 0 | CL20: 本
B21: 号機 | D21: 平均 処理量 | F21: 処理量 | I21: 累計 | L21: 原反残 | O21: 寸法替 | P21: 枠替 | Q21: (A) | Y21: (B) | AG21: （C) | AO21: 停止時間 | AR21: 製品待ち時間 | AV21: 号機 | AX21: 処理量 | BA21: 累計 | BE21: 原反残 | BH21: 巾替 | BJ21: 銘柄・坪量 | BX21: 欠品本数・理由 | CF21: 欠累計 | CI21: 停止時間 | CL21: 製品待ち時間
Q22: 7 | V22: 12 | Y22: 15 | AB22: 18 | AG22: 23 | AK22: 3 | AV22: ＃１ | AX22: 0 | BA22: 0 | BE22: W/D前 | BH22: 0 | BX22: 前工程起因多発順 | CD22: 本数 | CF22: 0 | CI22: 0 | CL22: 0
B23: 1S/C | D23: 50 | F23: 35.5 | I23: 383.4 | L23: 系外 | O23: 2 | P23: 4 | V23: M | AK23: M | AO23: 0.5729 | AR23: 0 | BE23: 製 | BF23: 31 | BX23: ①
L24: 0 | Q24: b7 | V24: b7 | Y24: 停止15～23 | AK24: ｵｰﾛﾗ | BE24: 保 | BF24: 0 | BX24: ②
BE25: 計 | BX25: ③
Q26: 65 | V26: 65 | AK26: 79.1 | AZ26: ｔ | BD26: ｔ | BE26: 31 | BG26: 本 | BI26: 回 | BX26: その他 | CH26: 本 | CK26: hr | CN26: hr
Q27: B本 | V27: B本 | AK27: 4/6 | AV27: 損紙 | AX27: 巻取 | BA27: 0 | BE27: kg | BF27: 累計 | BH27: 0 | BL27: kg | BM27: サイドラン | BQ27: 0 | BW27: ㎏ | BX27: W/D起因多発順 | CD27: 本数 | CF27: 受入量 | CH27: 0 | CJ27: t 歩留 | CN27: %
E28: ｔ | H28: ｔ | K28: ｔ | N28: 本 | O28: 回 | P28: 回 | Q28: T3 | V28: T2 | W28: 85m | AK28: T2 | AM28: 85ｍ | AQ28: hr | AT28: hr | AV28: 直外日 | BX28: ① | CF28: 巻取重量（ｔ） | CJ28: 累計
B29: ２S/C | D29: 50 | F29: 52.8 | I29: 711 | L29: 中間倉庫 | O29: 0 | P29: 5 | AO29: 0.4722 | AR29: 0 | BX29: ② | CF29: 0 | CJ29: 0
L30: 199 | Q30: 停止7～15 | Y30: ｵｰﾛﾗ | AE30: ｵｰﾛﾗ | BX30: ③ | CF30: その他重量（ｔ） | CJ30: 累計
AV31: ワインダー処理本数 | BB31: 0 | BE31: 本 | BX31: その他 | CF31: 0 | CJ31: 0
Y32: 79.1 | AE32: 84.9 | AV32: （８）既設カッター・平包
Y33: A本 | AE33: A本 | AV33: 号機 | AX33: 平均 処理量 | AZ33: 処理量 | BC33: 累計 | BF33: 原反残 | BI33: 寸法替 | BJ33: 枠替 | BK33: (A) | BS33: (B) | CA33: （C) | CI33: 停止時間 | CL33: 製品待ち時間
E34: ｔ | H34: ｔ | K34: ｔ | N34: 本 | O34: 回 | P34: 回 | Y34: Y2 | AE34: Y2 | AF34: 90m | AM34: 90ｍ | AQ34: hr | AT34: hr | BK34: 7 | BP34: 12 | BS34: 15 | BV34: 18 | CA34: 23 | CE34: 3
B35: ３S/C | D35: 42 | F35: 43.3 | I35: 442.5 | L35: 損紙 | O35: 0 | P35: 6 | AO35: 0.2083 | AR35: 0 | AV35: 4D/C | AX35: 151 | AZ35: 0 | BC35: 42.979 | BF35: 総本数 | BI35: 0 | BJ35: 0 | CI35: 0.875 | CL35: 0
L36: 0 | Q36: ｵｰﾛﾗ | AB36: ﾕｰﾗｲﾄ | AK36: ｵｰﾛﾗ | BF36: 0 | BT36: 休転
Q38: 79.1 | AB38: 81.4 | AK38: 104.7
Q39: 4/6 | AB39: 4/6 | AK39: 4/6
E40: ｔ | H40: ｔ | K40: ｔ | N40: 本 | O40: 回 | P40: 回 | Q40: Y1 | W40: 90m | AB40: Y1 | AE40: 95m | AK40: Y1 | AM40: 100m | AQ40: hr | AT40: hr | AY40: ｔ | BB40: ｔ | BE40: ｔ | BH40: 本 | BI40: 回 | BJ40: 回 | BK40: 断裁SP | BN40: 0 | BQ40: m/min | BS40: 断裁SP | BV40: 0 | BY40: m/min | CA40: 断裁SP | CD40: 0 | CG40: m/min | CK40: hr | CN40: hr
B41: 合計 | D41: 142 | F41: 131.6 | I41: 1536.9 | L41: 損紙 | P41: パルパー移送量 | T41: 37200 | AA41: kg | AB41: 平判 | AD41: 0 | AI41: kg | AJ41: 損紙カット | AN41: 0 | AT41: kg | AV41: 5D/C | AX41: - | AZ41: 0 | BC41: 0 | BF41: 上質 | BI41: 0 | BJ41: 0 | CI41: 0 | CL41: 0
B42: 号機 | E42: 平均処理量 | J42: 処理量 | O42: 累計 | U42: 包装前台数 | Y42: 寸法替 | AB42: ラベル替 | AE42: ワンプ替 | AH42: 停止時間 | AK42: 製品待ち時間 | AN42: 損紙発生量 | BF42: 0 | BH42: 本
B43: ＃１平包 | E43: 4000 | J43: 2,049 包 (46 t) | O43: 31,254 包 (589 t) | U43: 127 | Y43: 5 | AB43: 3 | AE43: 2 | AH43: 0.11805556 | AK43: 0 | AN43: 0 | BV43: 停止
BF44: コート
B45: ＃２平包 | E45: 4000 | J45: 3,574 包 (61 t) | O45: 35,451 包 (599 t) | Y45: 2 | AB45: 4 | AE45: 3 | AH45: 0.097222222 | AK45: 0 | AS45: kg | BF45: 0 | BH45: 本
AY46: ｔ | BB46: ｔ | BE46: ｔ | BI46: 回 | BJ46: 回 | BK46: 断裁SP | BN46: 0 | BQ46: m/min | BS46: 断裁SP | BV46: 0 | BY46: m/min | CA46: 断裁SP | CD46: 0 | CG46: m/min | CK46: hr | CN46: hr
B47: ＃３平包 | E47: - | J47: 0 包 (0 t) | O47: 0 包 (0 t) | Y47: 0 | AB47: 0 | AE47: 0 | AH47: 0 | AK47: 0 | AV47: 合計 | AX47: 151 | AZ47: 0 | BC47: 42.979 | BF47: 損紙 | BI47: 上質 | BK47: 0 | BN47: kg | BO47: 累計 | BQ47: 0 | BT47: kg | BU47: コート紙 | BX47: 0 | CA47: kg | CB47: 累計 | CD47: 0 | CG47: kg | CH47: サイドラン | CL47: 0
AV48: 【備考欄】 | CH48: 損紙カット | CL48: 35266
B49: 合計 | E49: 8000 | J49: 5,623 包 (107 t) | O49: 66,705 包 (1,188 t) | U49: 2049 | V49: 0 | X49: 台 | Y49: 回 | AB49: 回 | AE49: 回 | AJ49: hr | AM49: hr | AV49: 操作側・駆動側リフタースプロケット修理(ダイワ)、更衣室掃除、損紙断裁
U50: 3574 | CE50: カッター処理本数 | CK50: 0 | CM50: 本
B51: カッタ | Y51: 平包 | AB51: ＃3平包機停止 | AV51: 号機 | AY51: 平均処理量 | BD51: 処理量 | BI51: 累計 | BO51: 包装前台数 | BS51: 寸法替 | BV51: ラベル替 | BY51: ワンプ替 | CB51: 停止時間 | CE51: 製品待ち時間
B52: ・5CR仕上各機器給脂（朝日）8：40～10：00 | Y52: ・#2平包機_Y目ﾗﾍﾞﾗｰ動作不良点検修理（ｼｽﾃﾑG）13：00～17：00 | AV52: ＃１平包 | AY52: 4900 | BC52: 包 | BD52: 0 包 (0 t) | BI52: 1,746 包 (31 t) | BO52: 0 | BS52: 0 | BV52: 0 | BY52: 0 | CB52: 0 | CE52: 0.875
B53: ・№6AGF走行中に停止する為、休車
B54: ・№1AGF復旧（ﾄﾖﾀL&F）16：10～16：45 | AO54: AGF4・6号車休車 | AV54: 0 | AW54: 1746 | AY54: 0 | AZ54: 30.661 | BS54: 回 | BV54: 回 | BY54: 回 | CD54: hr | CG54: hr | CH54: 損紙発生量
AV55: ＃２平包 | AY55: 1000 | BC55: 包 | BD55: 0 包 (0 t) | BI55: 466 包 (9 t) | BS55: 0 | BV55: 0 | BY55: 0 | CB55: 0 | CE55: 0.29166667 | CH55: 0
B56: （３）仕上２Ｇ
B57: 下台数 | F57: 総台数 | J57: 下の比率 | N57: 格付『下』内容 | AV57: 0 | AW57: 466 | AY57: 0 | AZ57: 8.79525 | BO57: 台 | BS57: 回 | BV57: 回 | BY57: 回 | CD57: hr | CG57: hr | CM57: kg
B58: 19 | F58: 160 | J58: 11.875 | N58: 仕上要因 | AD58: 前工程要因 | AV58: 合計 | AY58: 5900 | BC58: 包 | BD58: 0 包 (0 t) | BI58: 2,212 包 (39 t) | CO58: 仕上１G | CY58: 仕上2G
N59: カウンタ不良 | U59: 1 | AD59: ナワ | AL59: 17 | CO59: 仕上要因4位以下合計 | CY59: 仕上要因4位以下合計
AD60: 継目じわ | AL60: 1 | AV60: ＃１平包 | AZ60: 製品待ち 7:00～7:00 (21H) カッター損紙カット応援 | CO60: =BO69+BO70+BW66+BW67+BW68+BW69+BW70 -> 0 | CY60: =U62+U63+AC59+AC60+AC61+AC62+AC63 -> 0
AV61: ＃２平包 | AZ61: 製品待ち 8：00～16：00 (7H) | CO61: 前工程要因4位以下合計 | CY61: 前工程要因4位以下合計
CO62: =CF69+CF70+CN66+CN67+CN68+CN69+CN70 -> 0 | CY62: =AL62+AL63+AT59+AT60+AT61+AT62+AT63 -> 0
B63: 台 | F63: 台 | M63: % | AM63: ウエットストリーク | AT63: 0 | AV63: （９）仕上１Ｇ
G64: 処理数 | K64: 累計 | P64: 未選別台数 | T64: 未仕上台数 | X64: 損紙発生量 | AK64: スキッド包装台数及び入庫重量 | AV64: 下台数 | AZ64: 総台数 | BD64: 下の比率 | BH64: 格付『下』内容
B65: ＃2積替機 | G65: 5 | J65: ｔ | K65: 57 | O65: ｔ | P65: 77 | T65: 117 | X65: 実績 | Y65: 17 | AC65: 台 | AD65: 実績 | AE65: 10200 | AJ65: kg | AK65: スキッド包装台数 | AP65: スキッド包装台数累計 | AV65: 0 | AZ65: 0 | BD65: - | BH65: 仕上要因 | BX65: 前工程要因
AK66: 9 | AP66: 217
B67: ＃2枚数読機 | G67: 0 | J67: ｔ | K67: 0 | O67: ｔ
X68: 累計 | Y68: 105 | AC68: 台 | AD68: 累計 | AE68: 63000 | AJ68: kg | AK68: 入庫重量（ｔ） | AP68: 入庫重量累計
B69: ＃2紙揃機 | G69: 0 | K69: - | AK69: 147 | AP69: 1538
J70: 台 | S70: 台 | W70: 台 | AV70: 台 | AZ70: 台 | BG70: %
BA71: 処理数 | BE71: 累計 | BJ71: 未選別台数 | BN71: 未仕上台数 | BR71: 損紙発生量 | CE71: スキッド包装台数及び入庫重量
B72: （４）生産高 | AQ72: 単位: （t） | AV72: ＃1積替機 | BA72: 0 | BD72: ｔ | BE72: 0 | BI72: ｔ | BJ72: 0 | BM72: 台 | BN72: 0 | BQ72: 台 | BR72: 実績 | BS72: 0 | BW72: 台 | BX72: 実績 | BY72: 0 | CD72: kg | CE72: スキッド包装台数 | CJ72: スキッド包装台数累計
G73: =VALUE(SUBSTITUTE(MID(CELL("filename",$A$1),FIND("]",CELL("filename",$A$1))+1,LEN(CELL("filename",$A$1))),"日","")) -> 10 | K73: 生産高 | S73: 累 計 | AE73: 月次計画 (目標) | AM73: 月次計画 | AQ73: 目標対実績 | AV73: ＃1枚数読機 | BA73: 0 | BD73: ｔ | BE73: 0 | BI73: ｔ | CE73: 0 | CJ73: 0
B74: 設備 | G74: 実績 | K74: 計画 | O74: 増減 | S74: 実績 | W74: 計画 | AA74: 差異 | AE74: 数量 | AI74: 日数 | AM74: 数量 | AQ74: 数量 | AV74: ＃1紙揃機 | BA74: 0 | BD74: 台 | BE74: - | BR74: 累計 | BS74: 5 | BW74: 台 | BX74: 累計 | BY74: 3000 | CD74: kg | CE74: 入庫重量（ｔ） | CJ74: 入庫重量累計
B75: 既設カッター | G75: =AZ35 -> 0 | K75: 0 | O75: =G75-K75 -> 0 | S75: =BC47 -> 42.979 | W75: =K75*$G$73 -> 0 | AA75: =S75-W75 -> 42.979 | AE75: =AM75/0.95 -> 2330.5263 | AI75: =1日!AI75 -> 21 | AM75: =1日!AM75 -> 2214 | AQ75: =S75-AE75 -> -2287.5473 | CE75: 0 | CJ75: 45
B76: ５C/Rワインダー | G76: =D14 -> 436.318 | K76: =AE76/AI76 -> 408.82852 | O76: =G76-K76 -> 27.489477 | S76: =G14 -> 4035.076 | W76: =K76*$G$73 -> 4088.2852 | AA76: =S76-W76 -> -53.209229 | AE76: =AM76/0.95 -> 12673.684 | AI76: =1日!AI76 -> 31 | AM76: =1日!AM76 -> 12040 | AQ76: =S76-AE76 -> -8638.6082 | AV76: 仕上1G | AZ76: スキッド残：0台（内積上げ：0台） | BR76: 仕上2G | BV76: スキッド残：0台
B77: ５C/Rカッター | G77: =F41 -> 131.6 | K77: =AE77/AI77 -> 142.10526 | O77: =G77-K77 -> -10.505263 | S77: =I41 -> 1536.9 | W77: =K77*$G$73 -> 1421.0526 | AA77: =S77-W77 -> 115.84737 | AE77: =AM77/0.95 -> 4405.2632 | AI77: =1日!AI77 -> 31 | AM77: =1日!AM77 -> 4185 | AQ77: =S77-AE77 -> -2868.3632

Sheet 11日
E1: 仕上操業報告書 | AV1: （５）損紙発生量合計 | CL1: 日本製紙岩国サポート(株）
B2: （１）５C/Rワインダー | N2: C/R前：(巻） | S2: 18 | U2: 本、(平） | X2: 0 | Z2: 本 | AC2: W/D前：(巻） | AH2: 19 | AJ2: 本、(平） | AM2: 0 | AO2: 本、(保） | AR2: 0 | AT2: 本 | AV2: 5CR | BM2: 既設 | CC2: =1日!CC2 -> 2026 | CG2: =1日!CG2 -> 7 | CI2: 月 | CK2: =VALUE(SUBSTITUTE(MID(CELL("filename",$A$1),FIND("]",CELL("filename",$A$1))+1,LEN(CELL("filename",$A$1))),"日","")) -> 11 | CM2: 日
B3: 号機 | D3: 処理量 | G3: 累計 | K3: 原反残 | N3: 巾替 | P3: 銘柄・坪量 | AB3: 欠数 | AD3: 欠品本数・理由 | AL3: 欠累計 | AO3: 停止時間 | AR3: 製品待ち時間 | AV3: サイドラン損紙 | BD3: 発生損紙 | BM3: サイドラン損紙 | BU3: 発生損紙
B4: ＃１ | D4: 148.346 | G4: 2157.242 | K4: C/R前 | N4: 0 | P4: N-18 オフ輪ユーライトA 104.7ｇ | AB4: 1 | AD4: 前工程起因多発順 | AJ4: 本数 | AL4: 101 | AO4: 0 | AR4: 0 | AV4: 実績 | AX4: =AF14 -> 0 | BD4: 実績 | BF4: =P14+AD41+AN43+AE65+BR8 -> 12094 | BM4: 実績 | BO4: =BQ27+CL47 -> 0 | BU4: 実績 | BW4: =BA27+BK47+BX47+CH55+BY72+BR17 -> 2747
K5: 18 | P5: N-19 オフ輪ユーライトA 127.9ｇ | AB5: 4 | AD5: ① | AF5: 虫 | AJ5: 3 | AV5: 累計 | AX5: =SUM('1日:11日'!ax4) -> #NAME? | BD5: 累計 | BF5: =SUM('1日:11日'!bf4) -> #NAME? | BM5: 累計 | BO5: =SUM('1日:11日'!bo4) -> #NAME? | BU5: 累計 | BW5: =SUM('1日:11日'!bw4) -> #NAME?
AD6: ② | AF6: P | AJ6: 2 | AV6: （６）巻取包装
AD7: ③ | AF7: 汚れ | AJ7: 2 | AV7: 号機 | AZ7: 平均処理量 | BD7: 処理量 | BI7: 累計 | BN7: 停止時間 | BR7: 損紙発生量 | BV7: 【備考欄】
F8: ｔ | J8: ｔ | M8: 本 | O8: 回 | AD8: その他 | AF8: シワ、マーカー飛散 | AJ8: 2 | AL8: 5 | AN8: 本 | AQ8: hr | AT8: hr | AV8: ５C/R | AZ8: 450 | BD8: 207 | BI8: 3903 | BN8: 0 | BR8: 0
B9: ＃２ | D9: 236.39 | G9: 2262.57 | K9: W/D前 | N9: 2 | P9: N-14 オーロラコート 104.7ｇ | AD9: W/D起因多発順 | AJ9: 本数 | AL9: 118 | AO9: 0.041666667 | AR9: 0 | BC9: 本 | BH9: 本 | BM9: 本 | BQ9: hr | BU9: kg
K10: 製 | L10: 19 | P10: Ｎ－１５ オーロラコート 127.9ｇ | AD10: ①
K11: 保 | L11: 0 | P11: N-19 オフ輪ユーライトA 127.9ｇ | AB11: 4 | AD11: ② | AV11: ８M/C | AZ11: 450 | BD11: 407 | BI11: 3788 | BN11: 0 | BR11: 0
K12: 計 | AD12: ③ | BC12: 本 | BH12: 本 | BM12: 本 | BQ12: hr | BU12: kg
F13: ｔ | J13: t | K13: 19 | M13: 本 | O13: 回 | AD13: その他 | AL13: 4 | AN13: 本 | AQ13: hr | AT13: hr
B14: 合計 | D14: 384.736 | F14: t | G14: 4419.812 | J14: t | K14: 損紙 | N14: 巻取 | P14: 5494 | T14: kg | U14: 累計 | W14: 131088 | AA14: kg | AB14: サイドラン | AF14: 0 | AJ14: 受入量 | AM14: 398 | AO14: ｔ | AP14: 歩留 | AR14: 96.667337 | AT14: % | AV14: ９M/C | AZ14: 780 | BD14: 916 | BI14: 5347 | BN14: 0 | BR14: 0
B15: ＃1W/D | F15: ニップ圧、背圧異常に伴う外側背圧サーボ交換、合わせ込み（保全・電気） | AH15: J・P補修本数 | AL15: 巻取量（ｔ） | AP15: 累計 | BC15: 本 | BH15: 本 | BM15: 本 | BQ15: hr | BU15: kg
F16: 13：00～15：00、15：15～21：40 計8H25M停止 | AH16: 0 | AL16: 134.3 | AP16: 2534.7
B17: ＃2W/D | AH17: 補修率 | AL17: 平判量（ｔ） | AP17: 累計 | AV17: 既設 | BD17: 38 | BI17: 38 | BN17: 0 | BR17: 0
AH18: 0 | AL18: 250.436 | AP18: 1885.112 | BH18: 本 | BM18: 本 | BQ18: hr | BU18: kg
K19: ワインダー処理本数 | Q19: 21 | T19: 本 | W19: 欠陥数 | Z19: J | AB19: 0 | AD19: P | AF19: 11 | AH19: S | AJ19: 1 | AL19: 他 | AN19: 28 | AP19: 合計 | AR19: 40
B20: （２）５C/Rカッター・平包 | AP20: 累計 | AR20: 556 | AV20: （７）4C/Rワインダー | BZ20: W/D前：(巻） | CE20: 21 | CG20: 本、(平） | CJ20: 0 | CL20: 本
B21: 号機 | D21: 平均 処理量 | F21: 処理量 | I21: 累計 | L21: 原反残 | O21: 寸法替 | P21: 枠替 | Q21: (A) | Y21: (B) | AG21: （C) | AO21: 停止時間 | AR21: 製品待ち時間 | AV21: 号機 | AX21: 処理量 | BA21: 累計 | BE21: 原反残 | BH21: 巾替 | BJ21: 銘柄・坪量 | BX21: 欠品本数・理由 | CF21: 欠累計 | CI21: 停止時間 | CL21: 製品待ち時間
Q22: 7 | V22: 12 | Y22: 15 | AB22: 18 | AG22: 23 | AK22: 3 | AV22: ＃１ | AX22: 44.008 | BA22: 44.008 | BE22: W/D前 | BH22: 1 | BJ22: エスプリFP原紙68.6ｇ | BX22: 前工程起因多発順 | CD22: 本数 | CF22: 2 | CI22: 0.083333333 | CL22: 0
B23: 1S/C | D23: 50 | F23: 74 | I23: 457.4 | L23: 系外 | O23: 0 | P23: 7 | AO23: 0.2743 | AR23: 0 | BE23: 製 | BF23: 21 | BX23: ①
L24: 0 | Q24: ｵｰﾛﾗ | AC24: ｵｰﾛﾗ | AI24: ｵｰﾛﾗ | BE24: 保 | BF24: 0 | BX24: ②
BE25: 計 | BX25: ③
Q26: 79.1 | AC26: 84.9 | AI26: 104.7 | AZ26: ｔ | BD26: ｔ | BE26: 21 | BG26: 本 | BI26: 回 | BX26: その他 | CH26: 本 | CK26: hr | CN26: hr
Q27: 4/6 | AC27: 4/6 | AI27: 4/6 | AV27: 損紙 | AX27: 巻取 | BA27: 2234 | BE27: kg | BF27: 累計 | BH27: 2234 | BL27: kg | BM27: サイドラン | BQ27: 0 | BW27: ㎏ | BX27: W/D起因多発順 | CD27: 本数 | CF27: 受入量 | CH27: 47.503 | CJ27: t 歩留 | CL27: 92.6 | CN27: %
E28: ｔ | H28: ｔ | K28: ｔ | N28: 本 | O28: 回 | P28: 回 | Q28: T2 | W28: 80m | AC28: T2 | AE28: 90m | AI28: T2 | AM28: 100m | AQ28: hr | AT28: hr | BX28: ① | BZ28: シワ | CD28: 2 | CF28: 巻取重量（ｔ） | CJ28: 累計
B29: ２S/C | D29: 50 | F29: 91.7 | I29: 802.6 | L29: 中間倉庫 | O29: 0 | P29: 11 | AO29: 0.2951 | AR29: 0 | BX29: ② | CF29: 44.008 | CJ29: 44.008
